Geolocation,Year,1.2.1 Poverty Proportion,1.4.1 Net Elem Enrolment Rate,1.4.1 Net Elem Enrolment Rate (Girls),1.4.1 Net Elem Enrolment Rate (Boys),1.4.1 Net JHS Enrolment Rate,1.4.1 Net JHS Enrolment Rate (Girls),1.4.1 Net JHS Enrolment Rate (Boys),1.4.1 Net SHS Enrolment Rate,1.4.1 Net SHS Enrolment Rate (Girls),1.4.1 Net SHS Enrolment Rate (Boys),1.5.4 Proportion of LGU with DRR,3.4.1 Mortality rate credited to NCD,3.4.1 Mortality rate credited to Cardio,3.4.1 Mortality rate credited to Cancer,3.4.1 Mortality rate credited to Diabetes,3.4.1 Mortality rate credited to Respi,3.7.1 Proportion of Contraceptive Use of Women,3.7.2 Teenage pregnancy rates per 1000,4.1 Elem Completion Rate,4.1 Elem Completion Rate (Female),4.1 Elem Completion Rate (Male),4.1 JHS Completion Rate,4.1 JHS Completion Rate (Female),4.1 JHS Completion Rate (Male),4.1 SHS Completion Rate,4.1 SHS Completion Rate (Female),4.1 SHS Completion Rate (Male),4.c TVET trainers trained,7.1.1 Proportion of pop with electricity,8.1.1 Growth rate of real GDP per capita,10.1.1.1 Income per capita growth rate of bottom 40,10.1.1.2 Income per capita growth rate,14.5.1.1 Coverage of protected areas,14.5.1.2 Coverage of protected NIPAS and Locally managed MPAs,"16.1.1 Victims of intentional homicide per 100,000",16.1.s1 Number of murder cases
NCR: National Capital Region,2000,,101.0,101.92,100.13,79.05,79.5,78.57,,,,,,,,,,,,63.87,66.58,61.35,68.16,72.18,63.88,,,,,,,,,,,,
CAR: Cordillera Administrative Region,2000,,94.42,94.58,94.26,71.19,76.37,66.14,,,,,,,,,,,,61.95,65.93,58.28,70.31,73.34,67.08,,,,,,,,,,,,
Region 1: Ilocos Region,2000,,97.73,97.01,98.41,87.51,90.05,85.07,,,,,,,,,,,,78.73,81.44,76.23,73.38,76.87,69.82,,,,,,,,,,,,
Region 2: Cagayan Valley,2000,,95.65,95.74,95.57,77.11,81.11,73.31,,,,,,,,,,,,70.75,74.95,66.9,72.2,73.78,70.48,,,,,,,,,,,,
Region 3: Central Luzon,2000,,98.32,97.85,98.77,74.32,76.58,72.13,,,,,,,,,,,,75.06,78.71,71.75,75.19,79.3,71.01,,,,,,,,,,,,
Region 4A: CALABARZON,2000,,98.5,99.04,97.98,71.03,74.24,67.88,,,,,,,,,,,,68.21,71.98,64.73,74.79,77.75,71.65,,,,,,,,,,,,
MIMAROPA: Southwestern Tagalog Region,2000,,,,,,,,,,,,,,,,,,,,,,,,,,,,,,,,,,,,
Region 5: Bicol Region,2000,,95.56,95.31,95.8,62.05,67.88,56.61,,,,,,,,,,,,64.7,66.91,62.58,68.3,71.02,65.31,,,,,,,,,,,,
Region 6: Western Visayas,2000,,96.16,96.03,96.28,59.47,62.63,56.4,,,,,,,,,,,,65.45,63.94,66.95,67.93,63.34,74.61,,,,,,,,,,,,
Region 7: Central Visayas,2000,,98.6,99.99,97.17,67.18,74.84,60.61,,,,,,,,,,,,68.96,73.5,64.61,71.54,73.15,69.56,,,,,,,,,,,,
Region 8: Eastern Visayas,2000,,94.58,95.53,93.67,48.21,54.64,42.22,,,,,,,,,,,,56.84,62.39,51.73,64.25,66.44,61.72,,,,,,,,,,,,
Region 9: Zamboanga Peninsula,2000,,93.44,93.82,93.06,59.75,62.4,57.11,,,,,,,,,,,,51.01,56.86,45.74,62.65,64.32,60.78,,,,,,,,,,,,
Region 10: Northern Mindanao,2000,,95.6,95.19,95.98,57.26,61.74,52.88,,,,,,,,,,,,61.11,66.08,56.62,68.1,72.22,63.88,,,,,,,,,,,,
Region 11: Davao Region,2000,,93.89,94.38,93.42,57.05,60.1,54.01,,,,,,,,,,,,60.19,65.15,55.69,73.33,76.54,69.77,,,,,,,,,,,,
Region 12: SOCCSKSARGEN,2000,,97.34,98.38,96.33,69.48,72.55,66.41,,,,,,,,,,,,46.77,43.23,49.73,63.19,65.8,60.4,,,,,,,,,,,,
CARAGA: CARAGA Administrative Region,2000,,92.92,93.35,92.49,56.65,60.71,52.75,,,,,,,,,,,,56.66,61.06,52.53,60.57,63.28,57.68,,,,,,,,,,,,
BARMM: Bangsamoro Autonomous Region in Muslim Mindanao,2000,,91.28,96.5,86.19,23.5,24.59,22.39,,,,,,,,,,,,24.3,24.35,24.26,58.35,58.65,57.98,,,,,,,,,,,,
NCR: National Capital Region,2001,,97.82,99.13,96.57,67.84,73.86,61.7,,,,,,,,,,,,74.29,75.66,73.0,68.43,71.91,64.57,,,,,,0.8411278169115946,,,,,,
CAR: Cordillera Administrative Region,2001,,92.89,93.88,91.96,59.84,65.8,54.08,,,,,,,,,,,,59.55,63.85,55.6,61.75,64.15,59.07,,,,,,1.9008376014278523,,,,,,
Region 1: Ilocos Region,2001,,91.33,91.23,91.44,68.21,71.73,64.83,,,,,,,,,,,,79.7,82.37,77.27,75.35,79.1,71.58,,,,,,0.8115887464970655,,,,,,
Region 2: Cagayan Valley,2001,,89.45,89.94,88.99,59.67,65.09,54.5,,,,,,,,,,,,74.07,78.37,70.13,69.4,71.88,66.8,,,,,,2.1479534913057847,,,,,,
Region 3: Central Luzon,2001,,86.35,86.5,86.21,66.82,71.02,62.76,,,,,,,,,,,,74.63,78.39,71.29,70.72,74.61,66.74,,,,,,3.6001917056948542,,,,,,
Region 4A: CALABARZON,2001,,93.44,93.93,92.96,66.24,70.46,62.13,,,,,,,,,,,,80.87,83.74,78.18,76.79,79.64,73.69,,,,,,-1.68399788512221,,,,,,
MIMAROPA: Southwestern Tagalog Region,2001,,,,,,,,,,,,,,,,,,,,,,,,,,,,,,1.6640222746159736,,,,,,
Region 5: Bicol Region,2001,,91.77,92.77,90.83,55.56,59.8,51.54,,,,,,,,,,,,70.17,74.13,66.51,67.92,72.05,63.5,,,,,,1.5879193697141003,,,,,,
Region 6: Western Visayas,2001,,89.6,90.37,88.85,58.38,63.76,53.14,,,,,,,,,,,,63.88,62.46,65.29,71.47,72.48,70.03,,,,,,0.8821413146258266,,,,,,
Region 7: Central Visayas,2001,,88.56,89.13,88.01,55.65,60.3,51.08,,,,,,,,,,,,71.52,74.61,68.45,68.64,73.28,63.3,,,,,,2.4306002644343323,,,,,,
Region 8: Eastern Visayas,2001,,86.98,88.42,85.61,48.48,53.82,43.41,,,,,,,,,,,,63.64,67.98,59.57,64.9,67.38,62.05,,,,,,1.2407994528353044,,,,,,
Region 9: Zamboanga Peninsula,2001,,90.22,90.52,89.93,43.95,47.79,40.13,,,,,,,,,,,,48.56,51.6,45.74,67.71,70.15,64.91,,,,,,-0.2771733087915464,,,,,,
Region 10: Northern Mindanao,2001,,93.58,94.27,92.92,51.92,57.42,46.57,,,,,,,,,,,,62.65,67.06,58.67,67.44,71.26,63.32,,,,,,4.426710979482039,,,,,,
Region 11: Davao Region,2001,,84.7,85.68,83.76,48.9,53.53,44.33,,,,,,,,,,,,67.55,71.06,64.23,68.53,70.92,65.82,,,,,,0.4045186861624756,,,,,,
Region 12: SOCCSKSARGEN,2001,,86.78,87.85,85.74,50.56,55.2,45.97,,,,,,,,,,,,51.07,52.27,49.93,63.96,65.49,62.35,,,,,,-1.5454018863797216,,,,,,
CARAGA: CARAGA Administrative Region,2001,,83.12,83.72,82.55,49.61,56.73,42.71,,,,,,,,,,,,69.09,72.58,65.83,63.02,64.64,61.19,,,,,,3.153920360133398,,,,,,
BARMM: Bangsamoro Autonomous Region in Muslim Mindanao,2001,,83.68,87.46,79.89,20.48,22.05,18.89,,,,,,,,,,,,31.9,33.06,30.65,64.41,66.32,62.25,,,,,,-4.940170715737835,,,,,,
NCR: National Capital Region,2002,,97.38,98.28,96.52,75.28,77.94,72.57,,,,,,,,,,,,84.35,87.65,81.34,75.51,82.07,68.87,,,,,,-0.916195185914262,,,,,,
CAR: Cordillera Administrative Region,2002,,91.52,92.57,90.53,59.64,67.49,52.05,,,,,,,,,,,,77.61,83.19,72.33,59.41,68.1,50.77,,,,,,2.6040397858516684,,,,,,
Region 1: Ilocos Region,2002,,89.64,89.37,89.89,68.33,71.88,64.91,,,,,,,,,,,,86.74,90.61,83.26,79.29,83.83,74.83,,,,,,1.7048835749692302,,,,,,
Region 2: Cagayan Valley,2002,,86.71,87.2,86.24,59.54,64.97,54.37,,,,,,,,,,,,72.6,77.27,68.4,69.95,74.04,65.72,,,,,,0.0892515310368935,,,,,,
Region 3: Central Luzon,2002,,93.58,93.88,93.3,67.74,72.04,63.59,,,,,,,,,,,,81.14,85.51,77.27,72.88,78.84,66.96,,,,,,3.3510124842543405,,,,,,
Region 4A: CALABARZON,2002,,95.97,96.54,95.43,68.16,72.05,64.36,,,,,,,,,,,,77.91,82.09,74.15,77.13,83.0,71.35,,,,,,1.5242211267325132,,,,,,
MIMAROPA: Southwestern Tagalog Region,2002,,91.52,91.7,91.34,57.55,63.04,52.24,,,,,,,,,,,,69.19,75.02,63.99,76.83,80.71,72.6,,,,,,12.48029067157539,,,,,,
Region 5: Bicol Region,2002,,90.95,91.95,90.0,54.86,60.81,49.23,,,,,,,,,,,,76.1,81.31,71.4,77.81,82.82,72.6,,,,,,2.378082082721761,,,,,,
Region 6: Western Visayas,2002,,85.95,86.7,85.24,57.32,62.88,51.92,,,,,,,,,,,,60.21,63.02,57.47,73.28,80.59,65.69,,,,,,1.2637774514564484,,,,,,
Region 7: Central Visayas,2002,,88.09,88.66,87.54,57.3,62.5,52.2,,,,,,,,,,,,79.66,86.24,73.72,81.14,82.56,79.6,,,,,,0.0917591521850624,,,,,,
Region 8: Eastern Visayas,2002,,85.91,87.35,84.54,48.99,55.41,42.9,,,,,,,,,,,,64.43,71.93,57.81,63.49,67.31,59.41,,,,,,1.703501265441318,,,,,,
Region 9: Zamboanga Peninsula,2002,,89.74,90.07,89.43,49.24,53.7,44.79,,,,,,,,,,,,47.47,52.53,43.11,73.22,75.04,71.24,,,,,,0.6556381100849791,,,,,,
Region 10: Northern Mindanao,2002,,89.04,89.5,88.59,53.4,58.51,48.38,,,,,,,,,,,,66.28,71.14,61.95,79.56,82.56,76.33,,,,,,7.661506825756675,,,,,,
Region 11: Davao Region,2002,,84.96,85.99,83.97,52.28,57.07,47.55,,,,,,,,,,,,68.51,73.06,64.19,73.08,79.0,66.82,,,,,,3.313226345051305,,,,,,
Region 12: SOCCSKSARGEN,2002,,82.01,83.18,80.89,53.38,58.89,47.97,,,,,,,,,,,,62.25,66.56,58.39,76.79,81.58,71.78,,,,,,7.457846651260553,,,,,,
CARAGA: CARAGA Administrative Region,2002,,80.73,81.31,80.17,49.77,55.64,44.07,,,,,,,,,,,,69.33,75.96,63.6,79.63,82.23,76.8,,,,,,4.190756101803103,,,,,,
BARMM: Bangsamoro Autonomous Region in Muslim Mindanao,2002,,92.72,97.15,88.29,23.69,27.04,20.3,,,,,,,,,,,,46.6,52.32,40.99,60.94,71.5,49.72,,,,,,10.950593387532765,,,,,,
NCR: National Capital Region,2003,,96.81,97.87,95.81,76.42,78.77,74.02,,,,,,,,,,47.2,35.0,83.81,87.28,80.62,73.36,78.9,67.72,,,,,,2.756815147792864,,,,,,
CAR: Cordillera Administrative Region,2003,,89.19,90.07,88.36,61.76,68.74,55.02,,,,,,,,,,44.4,52.0,73.9,79.12,69.21,73.61,78.38,68.46,,,,,,3.2685344903706124,,,,,,
Region 1: Ilocos Region,2003,,88.52,88.39,88.65,68.05,71.86,64.39,,,,,,,,,,49.6,55.0,84.46,87.6,81.63,75.53,81.79,69.48,,,,,,3.183009525362081,,,,,,
Region 2: Cagayan Valley,2003,,85.65,86.13,85.2,61.65,67.36,56.2,,,,,,,,,,68.8,85.0,78.63,84.76,73.24,76.66,81.23,71.91,,,,,,1.1328124863788815,,,,,,
Region 3: Central Luzon,2003,,93.61,93.95,93.29,69.35,73.65,65.18,,,,,,,,,,54.2,42.0,83.25,88.64,78.5,71.3,77.0,65.64,,,,,,2.107589457658591,,,,,,
Region 4A: CALABARZON,2003,,95.33,95.96,94.73,70.19,74.38,66.08,,,,,,,,,,46.1,44.0,76.5,81.49,72.07,77.91,84.23,71.69,,,,,,1.9483372440010955,,,,,,
MIMAROPA: Southwestern Tagalog Region,2003,,89.42,90.13,88.74,58.43,64.7,52.36,,,,,,,,,,48.5,108.0,70.42,76.17,65.32,72.25,76.14,68.16,,,,,,7.750967760265809,,,,,,
Region 5: Bicol Region,2003,,89.3,90.37,88.29,55.61,61.76,49.77,,,,,,,,,,30.6,60.0,71.7,77.94,66.18,69.74,75.39,63.95,,,,,,3.951342475753792,,,,,,
Region 6: Western Visayas,2003,,83.25,83.92,82.6,57.86,63.69,52.19,,,,,,,,,,42.3,57.0,68.05,75.08,61.97,75.37,82.13,68.6,,,,,,4.390161714513113,,,,,,
Region 7: Central Visayas,2003,,85.57,86.26,84.9,58.38,63.97,52.89,,,,,,,,,,47.1,45.0,70.93,78.44,64.34,69.45,77.04,61.85,,,,,,2.471710576614868,,,,,,
Region 8: Eastern Visayas,2003,,83.74,85.57,81.99,49.96,56.91,43.36,,,,,,,,,,35.8,48.0,68.19,76.53,60.94,68.88,73.5,64.03,,,,,,4.392669343814831,,,,,,
Region 9: Zamboanga Peninsula,2003,,84.83,85.66,84.02,49.31,54.6,44.04,,,,,,,,,,46.9,82.0,56.41,63.15,50.55,62.14,68.56,55.49,,,,,,2.2634177641671585,,,,,,
Region 10: Northern Mindanao,2003,,86.92,87.92,85.96,53.8,59.28,48.42,,,,,,,,,,45.9,56.0,65.97,73.15,59.75,62.73,67.23,58.0,,,,,,4.320206558093375,,,,,,
Region 11: Davao Region,2003,,84.36,85.74,83.03,52.11,57.37,46.92,,,,,,,,,,53.6,42.0,64.66,71.78,58.47,61.38,66.73,55.85,,,,,,4.934068243413975,,,,,,
Region 12: SOCCSKSARGEN,2003,,81.18,82.61,79.8,53.86,59.45,48.37,,,,,,,,,,51.6,90.0,63.36,69.69,57.71,66.24,71.63,60.69,,,,,,3.9244741146200255,,,,,,
CARAGA: CARAGA Administrative Region,2003,,78.04,78.23,77.85,49.72,55.41,44.21,,,,,,,,,,43.7,85.0,66.93,73.64,61.17,64.0,68.53,59.25,,,,,,3.1087996908246254,,,,,,
BARMM: Bangsamoro Autonomous Region in Muslim Mindanao,2003,,90.13,94.34,85.92,29.37,32.58,26.11,,,,,,,,,,23.1,51.0,27.95,29.21,26.6,62.33,56.66,69.53,,,,,,3.3082727600076964,,,,,,
NCR: National Capital Region,2004,,94.82,95.95,93.75,76.4,79.06,73.67,,,,,,,,,,,,82.1,85.51,78.97,77.33,83.25,71.46,,,,,,6.355850767629391,,,,,,
CAR: Cordillera Administrative Region,2004,,86.4,87.31,85.52,60.71,67.77,53.87,,,,,,,,,,,,69.46,77.39,62.65,72.54,80.76,64.25,,,,,,3.4879768619455263,,,,,,
Region 1: Ilocos Region,2004,,86.98,87.01,86.96,66.96,71.29,62.8,,,,,,,,,,,,85.49,89.37,82.01,77.81,84.63,71.23,,,,,,3.8896628892332927,,,,,,
Region 2: Cagayan Valley,2004,,82.9,83.35,82.47,60.64,66.71,54.86,,,,,,,,,,,,75.5,82.09,69.78,73.01,78.18,67.71,,,,,,7.426633218736271,,,,,,
Region 3: Central Luzon,2004,,92.03,92.31,91.76,69.81,74.31,65.45,,,,,,,,,,,,78.48,82.84,74.6,76.57,82.4,70.78,,,,,,0.9627470829942696,,,,,,
Region 4A: CALABARZON,2004,,95.1,95.63,94.6,70.94,75.33,66.65,,,,,,,,,,,,77.96,83.1,73.39,74.93,80.65,69.25,,,,,,2.276289065259121,,,,,,
MIMAROPA: Southwestern Tagalog Region,2004,,88.0,88.94,87.1,57.8,63.63,52.17,,,,,,,,,,,,68.81,75.84,62.65,71.2,76.3,65.9,,,,,,1.8306382829376984,,,,,,
Region 5: Bicol Region,2004,,87.78,88.9,86.71,55.82,62.36,49.62,,,,,,,,,,,,74.32,80.78,68.56,70.55,75.63,65.32,,,,,,3.9375215665899503,,,,,,
Region 6: Western Visayas,2004,,80.49,81.13,79.88,56.96,63.01,51.07,,,,,,,,,,,,67.44,75.98,60.18,72.82,80.02,65.62,,,,,,6.157605783316782,,,,,,
Region 7: Central Visayas,2004,,83.53,84.2,82.88,57.4,62.86,52.03,,,,,,,,,,,,70.99,80.2,63.02,70.55,75.77,65.24,,,,,,4.914365278504434,,,,,,
Region 8: Eastern Visayas,2004,,83.44,85.44,81.53,50.64,57.48,44.16,,,,,,,,,,,,68.99,77.8,61.33,71.67,76.28,66.8,,,,,,4.408115626213487,,,,,,
Region 9: Zamboanga Peninsula,2004,,82.83,83.74,81.94,50.47,55.83,45.13,,,,,,,,,,,,54.02,62.26,47.05,66.29,71.63,60.61,,,,,,2.447019110001108,,,,,,
Region 10: Northern Mindanao,2004,,84.16,84.95,83.39,52.08,57.62,46.66,,,,,,,,,,,,58.06,65.31,51.82,61.21,67.08,55.21,,,,,,6.038860137285965,,,,,,
Region 11: Davao Region,2004,,82.54,83.97,81.17,51.16,56.28,46.1,,,,,,,,,,,,62.47,71.07,55.11,68.81,73.35,64.01,,,,,,4.306681280959239,,,,,,
Region 12: SOCCSKSARGEN,2004,,79.99,81.7,78.34,55.24,61.04,49.55,,,,,,,,,,,,60.58,68.05,53.99,76.91,82.67,70.97,,,,,,3.350673255897348,,,,,,
CARAGA: CARAGA Administrative Region,2004,,75.08,75.56,74.61,49.66,55.62,43.87,,,,,,,,,,,,59.32,68.11,52.0,71.9,76.28,67.33,,,,,,4.253532641672521,,,,,,
BARMM: Bangsamoro Autonomous Region in Muslim Mindanao,2004,,90.01,94.19,85.84,28.43,31.1,25.73,,,,,,,,,,,,31.33,33.35,29.22,45.29,44.01,46.82,,,,,,6.299145532375277,,,,,,
NCR: National Capital Region,2005,,92.61,93.63,91.65,74.99,77.28,72.65,,,,,,,,,,,,82.5,85.01,80.18,65.87,69.86,61.81,,,,,,3.310895022436384,,,,,,
CAR: Cordillera Administrative Region,2005,,82.58,83.46,81.75,57.81,64.89,50.96,,,,,,,,,,,,67.53,73.23,62.42,63.2,71.43,54.59,,,,,,0.0567396973274441,,,,,,
Region 1: Ilocos Region,2005,,84.87,84.95,84.8,65.83,69.64,62.16,,,,,,,,,,,,85.48,90.13,81.33,72.09,78.44,65.87,,,,,,3.3625987915048228,,,,,,
Region 2: Cagayan Valley,2005,,79.92,80.34,79.52,59.02,64.95,53.38,,,,,,,,,,,,76.4,82.87,70.72,68.82,74.58,62.86,,,,,,-3.2389556993871054,,,,,,
Region 3: Central Luzon,2005,,90.77,91.17,90.38,68.93,73.22,64.77,,,,,,,,,,,,80.16,84.91,75.96,70.26,76.91,63.65,,,,,,1.7253195748094328,,,,,,
Region 4A: CALABARZON,2005,,92.87,93.55,92.22,69.1,73.53,64.77,,,,,,,,,,,,76.98,82.26,72.27,68.42,75.75,61.22,,,,,,2.1384326101953945,,,,,,
MIMAROPA: Southwestern Tagalog Region,2005,,84.39,85.28,83.55,56.08,61.38,50.96,,,,,,,,,,,,67.17,73.76,61.35,52.76,58.75,46.6,,,,,,7.306973440180343,,,,,,
Region 5: Bicol Region,2005,,85.43,86.62,84.3,53.24,59.88,46.95,,,,,,,,,,,,71.69,78.18,65.93,54.25,61.3,46.95,,,,,,3.944177715157622,,,,,,
Region 6: Western Visayas,2005,,77.14,77.77,76.53,54.91,60.99,49.0,,,,,,,,,,,,66.3,74.38,59.35,61.21,69.35,53.02,,,,,,3.638961485803847,,,,,,
Region 7: Central Visayas,2005,,80.08,80.81,79.37,54.76,60.69,48.94,,,,,,,,,,,,69.3,77.39,62.09,53.43,62.58,44.33,,,,,,5.183705440373743,,,,,,
Region 8: Eastern Visayas,2005,,80.03,81.93,78.22,50.09,56.74,43.79,,,,,,,,,,,,58.44,65.11,52.54,54.1,59.36,48.52,,,,,,4.480726282199839,,,,,,
Region 9: Zamboanga Peninsula,2005,,79.14,80.0,78.3,47.17,52.2,42.16,,,,,,,,,,,,53.8,60.7,47.82,46.82,52.36,40.95,,,,,,5.467405200963853,,,,,,
Region 10: Northern Mindanao,2005,,80.2,81.08,79.36,51.27,56.87,45.78,,,,,,,,,,,,59.73,66.53,53.76,57.23,63.02,51.09,,,,,,3.281551352598825,,,,,,
Region 11: Davao Region,2005,,79.01,80.35,77.71,49.02,54.48,43.64,,,,,,,,,,,,56.59,63.19,50.83,51.38,59.06,43.53,,,,,,2.158022366361763,,,,,,
Region 12: SOCCSKSARGEN,2005,,77.43,79.15,75.77,51.33,56.69,46.06,,,,,,,,,,,,58.0,64.93,51.82,48.87,54.59,43.02,,,,,,-0.2142530170448537,,,,,,
CARAGA: CARAGA Administrative Region,2005,,74.8,75.12,74.49,48.52,53.91,43.29,,,,,,,,,,,,67.07,74.62,60.55,58.02,63.23,52.5,,,,,,2.932371991801702,,,,,,
BARMM: Bangsamoro Autonomous Region in Muslim Mindanao,2005,,87.26,89.9,84.63,35.61,39.49,31.69,,,,,,,,,,,,34.76,34.56,34.85,53.0,54.81,50.93,,,,,,3.591165366535336,,,,,,
NCR: National Capital Region,2006,,92.89,93.83,92.0,75.12,77.3,72.89,,,,,5.1,3.1,1.2,0.5,0.3,,,88.48,91.3,85.77,71.62,74.0,66.62,,,,,,3.80995085282092,,,,,,
CAR: Cordillera Administrative Region,2006,,80.86,81.57,80.19,59.1,65.67,52.74,,,,,3.3,1.9,1.0,0.3,0.2,,,74.99,80.98,69.72,83.69,89.65,77.44,,,,,,2.068304836073878,,,,,,
Region 1: Ilocos Region,2006,,82.74,82.58,82.89,68.19,72.1,64.43,,,,,4.9,2.8,1.2,0.4,0.5,,,81.64,84.86,78.76,84.19,88.44,80.01,,,,,,4.594092497093172,,,,,,
Region 2: Cagayan Valley,2006,,77.7,78.03,77.39,58.85,64.42,53.55,,,,,4.0,2.4,0.9,0.2,0.5,,,78.49,84.76,73.06,77.19,81.34,72.86,,,,,,8.370661785283744,,,,,,
Region 3: Central Luzon,2006,,89.14,89.47,88.82,69.13,72.99,65.4,,,,,4.8,2.6,1.2,0.5,0.5,,,82.16,86.22,78.55,74.57,79.55,69.6,,,,,,2.5389843449357983,,,,,,
Region 4A: CALABARZON,2006,,92.36,92.95,91.8,71.26,75.61,67.0,,,,,4.7,2.7,1.0,0.6,0.4,,,81.83,86.13,77.99,80.09,86.24,73.9,,,,,,1.4909276365125237,,,,,,
MIMAROPA: Southwestern Tagalog Region,2006,,83.84,84.75,82.98,58.86,64.8,53.11,,,,,3.5,1.9,0.8,0.3,0.4,,,70.04,76.1,64.69,73.22,78.83,67.47,,,,,,2.0909198730071097,,,,,,
Region 5: Bicol Region,2006,,83.8,84.84,82.82,54.33,60.77,48.22,,,,,,3.0,0.7,0.4,0.4,,,73.04,78.46,68.2,70.32,76.04,64.24,,,,,,1.913256144528248,,,,,,
Region 6: Western Visayas,2006,,74.96,75.49,74.45,52.89,58.85,47.08,,,,,,2.3,1.1,0.4,0.4,,,70.62,78.15,64.14,70.0,76.96,62.87,,,,,,4.102687650782812,,,,,,
Region 7: Central Visayas,2006,,78.87,79.48,78.28,53.86,59.56,48.26,,,,,4.3,2.4,1.2,0.5,0.3,,,77.85,84.2,72.13,70.27,76.31,63.93,,,,,,2.866216678475709,,,,,,
Region 8: Eastern Visayas,2006,,78.15,79.9,76.48,49.88,56.68,43.43,,,,,3.5,2.1,0.7,0.4,0.3,,,65.39,71.1,60.14,69.02,72.75,65.03,,,,,,5.382048407335603,,,,,,
Region 9: Zamboanga Peninsula,2006,,77.59,78.42,76.78,47.7,52.67,42.74,,,,,3.0,1.8,0.7,0.3,0.2,,,58.6,65.84,52.38,70.95,73.74,67.88,,,,,,1.9831574834632733,,,,,,
Region 10: Northern Mindanao,2006,,78.96,79.96,78.01,51.23,56.72,45.85,,,,,3.5,1.9,0.9,0.4,0.2,,,65.87,72.11,60.43,66.38,71.56,60.85,,,,,,4.663455769090149,,,,,,
Region 11: Davao Region,2006,,75.89,77.04,74.79,47.84,52.9,42.84,,,,,3.6,2.1,0.9,0.4,0.2,,,57.22,63.12,52.06,64.75,69.0,60.14,,,,,,2.6781661767286096,,,,,,
Region 12: SOCCSKSARGEN,2006,,76.35,77.82,74.93,48.85,53.96,43.84,,,,,3.0,1.7,0.7,0.3,0.3,,,62.07,67.68,56.94,55.93,58.99,52.7,,,,,,4.09643438012705,,,,,,
CARAGA: CARAGA Administrative Region,2006,,77.76,77.55,77.96,48.89,54.3,43.64,,,,,3.4,2.1,0.7,0.4,0.3,,,64.23,71.17,58.28,69.92,74.48,65.07,,,,,,5.023460617428583,,,,,,
BARMM: Bangsamoro Autonomous Region in Muslim Mindanao,2006,,85.82,89.8,81.84,32.56,36.16,28.92,,,,,0.6,0.4,0.1,0.1,0.0,,,31.43,37.24,26.12,35.21,37.81,32.22,,,,,,3.7592623536913976,,,,,,
NCR: National Capital Region,2007,,94.42,95.69,93.21,80.16,82.18,78.1,,,,,5.2,3.2,1.2,0.5,0.3,,,85.35,89.37,81.33,78.71,86.03,71.64,,,,,,4.989651882035574,,,,,,
CAR: Cordillera Administrative Region,2007,,81.5,82.01,81.01,57.04,63.57,50.71,,,,,3.1,1.8,0.9,0.3,0.2,,,71.7,76.76,67.23,75.67,82.36,68.82,,,,,,5.577004787071061,,,,,,
Region 1: Ilocos Region,2007,,83.14,82.97,83.3,67.62,70.85,64.5,,,,,4.8,2.7,1.2,0.4,0.5,,,82.71,86.1,79.69,82.34,87.56,77.28,,,,,,4.671400811903553,,,,,,
Region 2: Cagayan Valley,2007,,77.53,77.89,77.19,59.47,64.55,54.63,,,,,3.9,2.3,0.9,0.2,0.5,,,78.06,83.23,73.47,78.96,82.98,74.8,,,,,,5.103214067393765,,,,,,
Region 3: Central Luzon,2007,,91.37,91.76,91.01,70.78,74.48,67.21,,,,,5.0,2.9,1.1,0.5,0.4,,,80.68,84.7,77.09,76.58,81.81,71.44,,,,,,3.720296230980935,,,,,,
Region 4A: CALABARZON,2007,,94.02,94.62,93.45,73.86,78.22,69.59,,,,,4.7,2.8,1.0,0.5,0.4,,,79.29,84.62,74.54,80.64,86.81,74.53,,,,,,2.5738832555453115,,,,,,
MIMAROPA: Southwestern Tagalog Region,2007,,84.07,84.9,83.28,59.28,64.67,54.07,,,,,3.5,2.0,0.8,0.3,0.4,,,68.06,72.43,64.14,72.59,76.58,68.36,,,,,,7.619860406054471,,,,,,
Region 5: Bicol Region,2007,,85.41,86.29,84.57,55.97,62.01,50.24,,,,,,3.1,0.7,0.4,0.4,,,74.36,79.29,69.96,74.05,77.81,69.95,,,,,,5.84879068102228,,,,,,
Region 6: Western Visayas,2007,,75.44,75.9,75.0,53.83,59.21,48.59,,,,,,2.3,1.1,0.4,0.4,,,71.87,78.95,65.78,75.52,80.78,69.96,,,,,,5.338760742934085,,,,,,
Region 7: Central Visayas,2007,,80.28,80.91,79.68,54.57,60.63,48.62,,,,,4.2,2.3,1.2,0.5,0.3,,,78.38,84.91,72.53,72.59,80.34,64.71,,,,,,6.306427290969864,,,,,,
Region 8: Eastern Visayas,2007,,79.19,80.59,77.86,51.49,58.0,45.31,,,,,3.5,2.2,0.7,0.3,0.3,,,69.51,75.76,63.93,69.68,72.61,66.49,,,,,,1.821488552952772,,,,,,
Region 9: Zamboanga Peninsula,2007,,78.99,79.63,78.37,50.18,55.15,45.22,,,,,3.0,1.8,0.7,0.3,0.2,,,60.14,67.07,54.07,69.44,74.19,64.38,,,,,,5.81479850014675,,,,,,
Region 10: Northern Mindanao,2007,,80.6,81.58,79.66,51.7,56.91,46.59,,,,,3.4,1.9,0.9,0.4,0.2,,,67.94,73.93,62.66,71.68,76.16,66.94,,,,,,5.32962886093344,,,,,,
Region 11: Davao Region,2007,,77.38,78.36,76.44,49.12,53.93,44.38,,,,,3.8,2.3,0.9,0.5,0.2,,,65.49,72.39,59.42,70.45,74.28,66.32,,,,,,4.16899742651546,,,,,,
Region 12: SOCCSKSARGEN,2007,,78.65,79.94,77.4,50.62,55.91,45.43,,,,,3.1,1.7,0.7,0.4,0.2,,,65.46,71.39,60.09,70.93,74.69,66.97,,,,,,4.232484028420998,,,,,,
CARAGA: CARAGA Administrative Region,2007,,81.46,82.15,80.82,48.64,53.18,44.24,,,,,3.4,2.0,0.8,0.4,0.3,,,71.82,78.61,65.93,72.98,75.54,70.24,,,,,,4.936549105559891,,,,,,
BARMM: Bangsamoro Autonomous Region in Muslim Mindanao,2007,,94.01,98.6,89.44,34.58,38.59,30.52,,,,,0.6,0.4,0.1,0.1,0.0,,,41.29,44.8,37.7,65.36,66.85,63.52,,,,,,2.9570051641038475,,,,,,
NCR: National Capital Region,2008,,93.69,94.72,92.71,80.79,82.15,79.4,,,,,5.2,3.2,1.2,0.5,0.3,43.2,25.0,85.27,87.46,82.91,79.6,84.87,74.35,,,,,,2.771026072994303,,,,,,
CAR: Cordillera Administrative Region,2008,,81.93,82.19,81.69,57.14,62.71,51.74,,,,,3.3,1.9,0.9,0.3,0.2,55.0,34.0,75.81,81.19,71.11,82.38,89.2,75.41,,,,,,2.1033717636687044,,,,,,
Region 1: Ilocos Region,2008,,82.85,82.54,83.14,68.22,71.32,65.24,,,,,5.0,2.8,1.2,0.5,0.5,49.7,52.0,84.83,87.34,82.56,81.21,85.54,77.01,,,,,,1.7745232099705532,,,,,,
Region 2: Cagayan Valley,2008,,76.23,76.32,76.14,58.34,63.36,53.56,,,,,4.0,2.4,0.9,0.2,0.5,62.6,54.0,80.45,84.65,76.69,79.76,83.73,75.65,,,,,,1.083638592714408,,,,,,
Region 3: Central Luzon,2008,,90.93,91.01,90.86,71.24,74.63,67.95,,,,,5.0,2.9,1.2,0.6,0.4,54.0,69.0,81.35,85.29,77.83,76.29,80.57,72.06,,,,,,3.033029750938596,,,,,,
Region 4A: CALABARZON,2008,,94.1,94.56,93.67,74.89,79.14,70.74,,,,,4.6,2.7,1.0,0.5,0.3,46.1,63.0,81.62,86.07,77.63,81.0,86.93,75.12,,,,,,0.6843353527736156,,,,,,
MIMAROPA: Southwestern Tagalog Region,2008,,85.42,85.91,84.96,59.67,64.83,54.69,,,,,3.5,2.0,0.8,0.3,0.4,48.5,87.0,71.64,76.54,67.27,72.56,76.48,68.5,,,,,,3.2562046730027987,,,,,,
Region 5: Bicol Region,2008,,85.07,85.67,84.5,55.24,61.13,49.65,,,,,,3.0,0.8,0.4,0.3,33.8,63.0,74.39,79.32,70.02,73.14,78.2,67.95,,,,,,3.660203715087548,,,,,,
Region 6: Western Visayas,2008,,74.93,75.05,74.81,53.98,59.08,49.01,,,,,,2.4,1.1,0.4,0.5,44.4,41.0,72.6,78.94,67.12,76.35,81.94,70.66,,,,,,3.485104615816724,,,,,,
Region 7: Central Visayas,2008,,81.38,81.46,81.29,55.49,60.96,50.13,,,,,4.4,2.4,1.2,0.5,0.3,46.0,58.0,78.83,84.68,73.57,73.32,78.52,67.9,,,,,,3.373899714217089,,,,,,
Region 8: Eastern Visayas,2008,,80.33,81.24,79.46,53.28,60.06,46.85,,,,,3.5,2.1,0.7,0.4,0.3,37.5,60.0,71.65,78.32,65.81,70.56,74.56,66.29,,,,,,3.40742363268636,,,,,,
Region 9: Zamboanga Peninsula,2008,,79.25,79.65,78.87,49.28,54.18,44.4,,,,,3.2,2.0,0.7,0.3,0.2,40.3,62.0,58.77,64.91,53.45,68.74,72.47,64.7,,,,,,1.3578605101900223,,,,,,
Region 10: Northern Mindanao,2008,,81.23,81.83,80.65,50.67,55.66,45.78,,,,,3.6,2.0,0.9,0.4,0.2,54.2,43.0,68.67,74.66,63.39,70.38,75.4,65.2,,,,,,3.540598894554776,,,,,,
Region 11: Davao Region,2008,,78.0,78.61,77.42,48.61,53.39,43.89,,,,,4.0,2.4,0.9,0.5,0.2,59.5,68.0,62.72,69.39,56.96,72.57,77.73,67.17,,,,,,1.9675460150471904,,,,,,
Region 12: SOCCSKSARGEN,2008,,80.12,81.21,79.08,51.8,57.23,46.47,,,,,3.2,1.9,0.7,0.4,0.2,53.8,64.0,66.01,72.15,60.54,68.24,72.6,63.75,,,,,,2.7278503327793544,,,,,,
CARAGA: CARAGA Administrative Region,2008,,76.14,75.54,76.71,51.09,55.24,47.05,,,,,3.5,2.1,0.7,0.5,0.3,47.6,83.0,71.89,77.55,66.92,73.64,76.48,70.7,,,,,,1.3560643277680242,,,,,,
BARMM: Bangsamoro Autonomous Region in Muslim Mindanao,2008,,99.85,104.34,95.37,37.98,42.57,33.24,,,,,0.5,0.4,0.1,0.0,0.0,21.2,71.0,37.5,40.24,34.62,53.55,55.35,51.32,,,,,,-0.5839999628623218,,,,,,
NCR: National Capital Region,2009,,90.96,92.01,89.98,76.69,79.74,73.69,,,,,5.2,3.2,1.2,0.5,0.3,,,79.66,83.11,76.49,75.8,80.78,70.94,,,,,100.0,-1.7184124438690844,,,,,,
CAR: Cordillera Administrative Region,2009,,99.51,100.21,98.84,64.76,71.8,58.0,,,,,3.3,2.0,0.9,0.3,0.2,,,77.13,83.98,71.13,63.35,72.33,54.7,,,,,100.0,0.7371908800771365,,,,,,
Region 1: Ilocos Region,2009,,93.24,94.03,92.51,71.77,75.8,67.95,,,,,5.0,2.9,1.2,0.5,0.5,,,83.09,86.82,79.76,80.39,85.32,75.71,,,,,100.0,-1.263560033872977,,,,,,
Region 2: Cagayan Valley,2009,,95.58,96.8,94.45,66.95,72.81,61.41,,,,,4.1,2.4,1.0,0.2,0.5,,,78.25,83.9,73.35,77.96,82.21,73.71,,,,,99.96,0.8358897470857727,,,,,,
Region 3: Central Luzon,2009,,90.99,91.82,90.21,68.41,72.39,64.64,,,,,5.2,3.1,1.2,0.6,0.4,,,81.87,86.08,78.16,76.14,81.93,70.62,,,,,99.94,-1.3478828681357695,,,,,,
Region 4A: CALABARZON,2009,,87.43,88.48,86.44,67.03,71.2,63.01,,,,,4.8,2.9,1.0,0.5,0.3,,,84.84,89.33,80.15,81.17,88.81,74.18,,,,,98.63,-3.478451191321738,,,,,,
MIMAROPA: Southwestern Tagalog Region,2009,,88.76,89.41,88.16,56.29,61.94,50.97,,,,,3.6,2.2,0.8,0.3,0.4,,,69.38,74.39,64.98,73.13,78.96,67.43,,,,,99.31,2.9029716037283606,,,,,,
Region 5: Bicol Region,2009,,92.63,93.55,91.77,54.92,61.07,49.21,,,,,,3.2,0.8,0.4,0.4,,,74.45,79.37,70.1,73.61,78.27,68.87,,,,,99.94,5.586480535080639,,,,,,
Region 6: Western Visayas,2009,,86.99,88.15,85.9,55.83,61.36,50.54,,,,,,2.5,1.1,0.4,0.4,,,72.54,79.39,66.69,76.27,80.69,71.8,,,,,99.93,4.312947819300987,,,,,,
Region 7: Central Visayas,2009,,90.87,92.67,89.2,56.69,63.46,50.37,,,,,4.5,2.6,1.2,0.4,0.3,,,76.84,83.3,71.22,73.12,78.9,67.29,,,,,100.0,1.3138918709686038,,,,,,
Region 8: Eastern Visayas,2009,,90.23,91.85,88.72,52.45,59.05,46.3,,,,,3.6,2.2,0.7,0.4,0.3,,,69.46,75.79,64.04,69.88,72.87,66.69,,,,,98.84,2.487710281903219,,,,,,
Region 9: Zamboanga Peninsula,2009,,91.66,92.92,90.45,48.75,54.02,43.62,,,,,3.4,2.1,0.7,0.3,0.2,,,59.84,66.58,54.11,69.72,71.49,67.85,,,,,99.84,5.151711049080546,,,,,,
Region 10: Northern Mindanao,2009,,91.91,92.97,90.91,50.61,55.96,45.47,,,,,3.8,2.3,0.9,0.4,0.3,,,64.46,71.95,58.1,65.87,70.92,60.74,,,,,96.44,1.4414203375929304,,,,,,
Region 11: Davao Region,2009,,93.26,94.37,92.19,54.47,59.48,49.61,,,,,4.2,2.5,1.0,0.5,0.2,,,66.97,74.26,60.73,68.78,70.44,66.96,,,,,100.0,3.01997426705232,,,,,,
Region 12: SOCCSKSARGEN,2009,,84.55,86.71,82.51,51.22,56.5,46.05,,,,,3.3,1.9,0.7,0.4,0.2,,,62.29,68.71,56.64,73.3,76.64,69.78,,,,,99.75,-0.1145238156530297,,,,,,
CARAGA: CARAGA Administrative Region,2009,,93.86,94.17,93.56,55.35,60.51,50.51,,,,,3.7,2.2,0.8,0.4,0.3,,,66.36,73.8,60.11,59.85,63.41,56.24,,,,,99.85,0.5746731855805507,,,,,,
BARMM: Bangsamoro Autonomous Region in Muslim Mindanao,2009,,74.21,78.31,70.14,10.08,37.3,28.1,,,,,0.3,0.2,0.0,0.0,0.0,,,37.23,41.33,33.1,65.4,67.63,62.59,,,,,97.8,1.0382734235328712,,,,,,
NCR: National Capital Region,2010,,96.9,98.74,95.2,79.57,83.2,76.04,,,,,5.2,3.3,1.1,0.5,0.3,,,82.85,86.54,79.51,75.91,81.46,70.56,,,,,100.0,4.58724612183083,,,,,,
CAR: Cordillera Administrative Region,2010,,97.64,98.61,96.73,63.7,70.68,57.03,,,,,3.2,1.9,0.9,0.2,0.2,,,71.79,75.98,68.07,75.15,81.12,69.2,,,,,100.0,4.611006446855598,,,,,,
Region 1: Ilocos Region,2010,,98.32,99.17,97.53,76.4,81.19,71.91,,,,,5.1,2.9,1.2,0.5,0.5,,,82.8,85.95,80.01,78.78,83.82,74.04,,,,,100.0,7.426453497815501,,,,,,
Region 2: Cagayan Valley,2010,,95.34,96.45,94.31,69.61,75.51,64.07,,,,,4.3,2.7,1.0,0.2,0.4,,,77.47,82.52,73.06,79.07,82.57,75.56,,,,,100.0,2.72351075542818,,,,,,
Region 3: Central Luzon,2010,,98.04,99.38,96.8,74.4,78.97,70.1,,,,,5.2,3.1,1.2,0.5,0.4,,,80.22,84.92,76.1,77.76,83.22,72.51,,,,,100.0,7.861806449711523,,,,,,
Region 4A: CALABARZON,2010,,93.94,95.2,92.76,70.28,74.8,65.98,,,,,4.8,3.0,1.0,0.5,0.3,,,82.14,87.54,77.37,79.79,85.55,74.16,,,,,99.33,7.279562477489492,,,,,,
MIMAROPA: Southwestern Tagalog Region,2010,,95.04,96.25,93.92,59.95,65.67,54.54,,,,,3.6,2.1,0.8,0.3,0.4,,,72.92,78.95,67.68,70.4,75.97,64.86,,,,,100.0,-0.7606446985672193,,,,,,
Region 5: Bicol Region,2010,,97.19,97.99,96.44,57.77,64.44,51.57,,,,,,3.3,0.8,0.4,0.4,,,74.54,80.04,69.72,73.0,80.49,65.67,,,,,100.0,4.505054041060944,,,,,,
Region 6: Western Visayas,2010,,93.38,94.87,92.0,61.36,67.6,55.47,,,,,,2.5,1.1,0.4,0.4,,,71.15,77.87,65.42,74.64,80.17,69.26,,,,,100.0,3.397629724928237,,,,,,
Region 7: Central Visayas,2010,,95.48,96.8,94.23,61.46,68.09,55.2,,,,,4.6,2.7,1.2,0.4,0.3,,,76.56,82.85,71.05,75.35,80.72,70.01,,,,,100.0,10.180463520665311,,,,,,
Region 8: Eastern Visayas,2010,,95.39,96.97,93.91,56.55,63.44,50.11,,,,,3.5,2.1,0.7,0.4,0.3,,,71.79,77.73,66.63,69.7,74.24,65.05,,,,,100.0,4.4831525896237565,,,,,,
Region 9: Zamboanga Peninsula,2010,,94.34,95.94,92.83,51.02,56.96,45.36,,,,,3.4,2.1,0.8,0.3,0.2,,,58.72,65.11,53.27,68.29,72.97,63.44,,,,,100.0,1.8787926995154576,,,,,,
Region 10: Northern Mindanao,2010,,92.74,93.97,91.57,55.24,61.0,49.75,,,,,3.8,2.3,0.9,0.4,0.3,,,65.47,71.9,59.88,79.94,83.55,76.26,,,,,100.0,4.32248497961551,,,,,,
Region 11: Davao Region,2010,,99.37,99.56,99.18,55.87,61.68,50.3,,,,,4.4,2.6,1.0,0.5,0.2,,,63.7,70.78,57.65,72.96,81.34,64.58,,,,,100.0,4.696809340549095,,,,,,
Region 12: SOCCSKSARGEN,2010,,88.65,90.58,86.84,54.15,59.76,48.77,,,,,3.1,1.9,0.7,0.3,0.2,,,63.35,68.42,58.8,72.34,75.63,68.95,,,,,100.0,1.4563465107246572,,,,,,
CARAGA: CARAGA Administrative Region,2010,,96.95,97.34,96.58,58.18,63.67,53.03,,,,,3.7,2.2,0.8,0.4,0.2,,,71.21,77.64,65.75,71.04,74.86,67.24,,,,,100.0,8.931179381321769,,,,,,
BARMM: Bangsamoro Autonomous Region in Muslim Mindanao,2010,,103.25,110.01,96.66,44.54,51.13,38.0,,,,,0.2,0.1,0.0,0.0,0.0,,,39.29,41.7,36.75,59.47,61.8,56.55,,,,,99.27,6.379147571312259,,,,,,
NCR: National Capital Region,2011,,99.69,101.54,97.97,79.79,83.41,76.27,,,,,5.2,3.3,1.2,0.4,0.3,,,83.07,85.9,79.8,79.08,84.48,73.83,,,,,80.70232002328778,0.7056681457364107,,,,,,
CAR: Cordillera Administrative Region,2011,,100.8,101.71,99.96,68.27,75.39,61.47,,,,,3.4,2.0,1.0,0.2,0.2,,,78.86,84.77,73.7,80.02,89.73,70.64,,,,,70.583333565578,-0.8184313880145595,,,,,,
Region 1: Ilocos Region,2011,,98.69,99.29,98.13,76.19,80.92,71.8,,,,,5.1,3.0,1.2,0.4,0.4,,,82.39,85.76,79.42,75.02,80.9,69.54,,,,,80.92520888526595,2.7602023741366395,,,,,,
Region 2: Cagayan Valley,2011,,97.31,98.37,96.32,70.5,76.51,64.89,,,,,4.2,2.6,1.0,0.2,0.4,,,73.08,77.28,69.36,77.84,82.95,72.82,,,,,73.17328414559714,5.009277059783429,,,,,,
Region 3: Central Luzon,2011,,99.21,100.24,98.26,74.59,79.3,70.17,,,,,5.2,3.2,1.1,0.5,0.4,,,80.32,84.32,76.77,75.21,80.86,69.84,,,,,82.1343553118068,5.734126455339521,,,,,,
Region 4A: CALABARZON,2011,,96.58,97.65,95.58,72.46,76.85,68.29,,,,,4.8,3.0,1.1,0.5,0.3,,,85.42,89.05,81.55,84.01,89.15,78.99,,,,,81.5785989437003,-0.3462034812161221,,,,,,
MIMAROPA: Southwestern Tagalog Region,2011,,97.89,98.56,97.26,61.63,67.66,55.97,,,,,3.7,2.2,0.8,0.3,0.4,,,72.38,77.46,67.9,72.82,79.88,66.02,,,,,59.983526072844114,2.300266510700183,,,,,,
Region 5: Bicol Region,2011,,99.11,99.49,98.75,60.8,67.74,54.38,,,,,,3.3,0.9,0.4,0.4,,,74.78,80.18,70.04,71.43,78.57,64.46,,,,,67.44114552552281,2.116361698696452,,,,,,
Region 6: Western Visayas,2011,,95.82,96.78,94.91,62.4,68.82,56.39,,,,,,2.5,1.1,0.4,0.4,,,74.61,80.84,69.2,75.46,81.98,69.17,,,,,64.41042711167411,5.012606125834736,,,,,,
Region 7: Central Visayas,2011,,98.5,99.77,97.32,61.16,67.94,54.77,,,,,4.6,2.7,1.2,0.4,0.3,,,80.37,86.83,74.67,74.56,82.47,67.06,,,,,69.71545815712582,5.353704995510583,,,,,,
Region 8: Eastern Visayas,2011,,96.58,97.68,95.55,58.48,66.14,51.39,,,,,3.6,2.2,0.7,0.4,0.3,,,66.11,72.18,60.9,67.78,74.16,61.46,,,,,66.3564825529945,1.186317969406076,,,,,,
Region 9: Zamboanga Peninsula,2011,,97.27,98.42,96.18,50.83,56.74,45.21,,,,,3.8,2.3,0.9,0.4,0.2,,,59.93,66.73,54.09,70.01,75.56,64.37,,,,,48.78483819929952,-1.190605513344991,,,,,,
Region 10: Northern Mindanao,2011,,94.84,95.67,94.05,55.55,61.3,50.05,,,,,3.7,2.2,0.8,0.4,0.3,,,63.84,70.28,58.22,64.97,71.38,58.72,,,,,66.19156915932352,4.141792672661012,,,,,,
Region 11: Davao Region,2011,,100.53,101.24,99.86,56.52,62.55,50.74,,,,,4.4,2.6,1.0,0.5,0.2,,,61.62,68.66,55.59,68.63,74.95,62.22,,,,,54.57616755308824,2.0825574379776697,,,,,,
Region 12: SOCCSKSARGEN,2011,,90.95,92.56,89.43,53.97,59.67,48.51,,,,,3.3,2.0,0.7,0.4,0.2,,,63.36,69.17,58.19,69.21,74.29,64.11,,,,,43.287409805834606,2.8838107506756927,,,,,,
CARAGA: CARAGA Administrative Region,2011,,95.55,96.08,95.05,56.92,63.22,51.01,,,,,3.8,2.3,0.8,0.4,0.3,,,66.0,73.2,59.96,69.53,73.82,65.33,,,,,76.98009870791573,5.613559563605548,,,,,,
BARMM: Bangsamoro Autonomous Region in Muslim Mindanao,2011,,108.07,114.0,102.23,44.32,51.64,37.05,,,,,0.3,0.2,0.1,0.0,0.0,,,23.46,24.72,22.04,55.98,59.86,51.19,,,,,26.56109339407745,0.1593546046638323,,,,,,
NCR: National Capital Region,2012,,99.22,100.65,97.87,81.02,85.14,77.04,,,,,5.2,3.2,1.2,0.5,0.3,,,80.03,83.77,76.64,76.68,82.12,71.47,,,,,99.252310111609,4.555136363206344,,,,,,
CAR: Cordillera Administrative Region,2012,,100.0,100.46,99.56,70.43,77.62,63.61,,,,,3.5,2.1,1.0,0.2,0.2,,,78.23,82.69,74.26,78.43,85.51,71.45,,,,,74.58540324802692,-1.0107739804595042,,,,,,
Region 1: Ilocos Region,2012,,97.56,97.66,97.47,77.67,82.5,73.18,,,,,5.1,3.4,1.0,0.4,0.4,,,85.21,87.97,82.74,80.27,85.69,75.16,,,,,82.70334994848375,4.129049698372072,,,,,,
Region 2: Cagayan Valley,2012,,98.4,98.97,97.87,71.31,77.5,65.56,,,,,4.2,2.6,1.0,0.2,0.4,,,82.02,86.3,78.22,77.6,82.56,72.69,,,,,74.48580844677399,5.620296771017408,,,,,,
Region 3: Central Luzon,2012,,98.46,99.1,97.86,75.34,80.19,70.81,,,,,5.2,3.2,1.2,0.5,0.4,,,82.59,86.21,79.36,76.0,81.12,71.11,,,,,89.69698962886525,6.297385309930846,,,,,,
Region 4A: CALABARZON,2012,,97.29,98.01,96.61,73.74,78.39,69.34,,,,,4.7,2.9,1.0,0.5,0.3,,,84.81,89.72,80.47,82.32,87.3,77.54,,,,,94.35743601036552,5.153845507752749,,,,,,
MIMAROPA: Southwestern Tagalog Region,2012,,96.78,97.14,96.44,63.5,69.78,57.63,,,,,3.7,2.2,0.8,0.4,0.3,,,74.17,79.8,69.24,76.63,82.12,71.24,,,,,62.52852047495061,3.830572640270319,,,,,,
Region 5: Bicol Region,2012,,98.6,98.64,98.56,61.52,68.22,55.32,,,,,,3.3,0.9,0.4,0.3,,,76.82,81.85,72.41,71.88,78.93,65.0,,,,,68.69581153431628,8.635029965104835,,,,,,
Region 6: Western Visayas,2012,,96.5,96.97,96.06,63.15,69.73,57.0,,,,,,2.5,1.1,0.4,0.4,,,78.59,84.53,73.4,75.71,81.48,70.16,,,,,68.5783928030332,5.971523211840179,,,,,,
Region 7: Central Visayas,2012,,99.79,100.56,99.07,64.02,70.8,57.65,,,,,4.4,2.6,1.1,0.4,0.3,,,80.86,87.45,75.03,74.36,80.84,68.07,,,,,71.68102051914411,7.512821173550833,,,,,,
Region 8: Eastern Visayas,2012,,96.13,96.59,95.69,60.03,67.33,53.26,,,,,3.6,2.3,0.7,0.4,0.3,,,74.04,79.34,69.45,70.66,75.69,65.57,,,,,69.19329851448832,-3.949956055608297,,,,,,
Region 9: Zamboanga Peninsula,2012,,95.03,95.69,94.41,51.63,58.14,45.46,,,,,3.3,2.1,0.7,0.3,0.2,,,55.49,61.28,50.5,64.56,69.53,59.44,,,,,50.77889078333517,9.794004471357413,,,,,,
Region 10: Northern Mindanao,2012,,94.42,94.36,94.47,57.35,63.22,51.76,,,,,3.9,2.4,0.9,0.4,0.3,,,63.25,68.47,58.65,72.22,77.86,66.57,,,,,67.29184548908606,5.523041169915885,,,,,,
Region 11: Davao Region,2012,,98.92,99.52,98.35,57.49,63.87,51.4,,,,,4.2,2.5,0.9,0.5,0.2,,,64.52,71.19,58.78,72.22,77.03,67.21,,,,,54.84543843563957,5.236435966192062,,,,,,
Region 12: SOCCSKSARGEN,2012,,90.23,91.4,89.12,55.11,61.14,49.36,,,,,3.6,2.1,0.7,0.4,0.3,,,66.0,71.49,61.06,71.76,75.83,67.61,,,,,43.49284981552763,5.970213505852399,,,,,,
CARAGA: CARAGA Administrative Region,2012,,95.49,95.82,95.18,58.9,65.7,52.52,,,,,3.7,2.2,0.8,0.5,0.2,,,72.38,79.94,65.96,69.78,74.36,65.25,,,,,81.41206497589926,8.967250040076664,,,,,,
BARMM: Bangsamoro Autonomous Region in Muslim Mindanao,2012,,96.72,101.63,91.89,39.88,46.55,33.26,,,,,0.5,0.4,0.1,0.1,0.0,,,26.6,28.61,24.45,52.55,54.05,50.58,,,,,27.797789117536976,-0.2594037511477296,,,,,,
NCR: National Capital Region,2013,,99.64,100.57,98.77,81.64,85.54,77.91,,,,,5.2,3.3,1.2,0.5,0.2,53.4,48.0,78.72,81.3,76.36,76.33,80.4,72.38,,,,,97.73778718196766,4.912505744314771,,,,,,
CAR: Cordillera Administrative Region,2013,,99.66,99.47,99.85,71.87,78.84,65.3,,,,,3.4,2.0,1.0,0.3,0.2,59.8,53.0,82.61,85.53,79.97,76.34,82.86,69.97,,,,,78.06151842632018,5.453842621358064,,,,,,
Region 1: Ilocos Region,2013,,97.39,97.23,97.54,79.89,84.51,75.61,,,,,5.0,2.9,1.2,0.5,0.4,50.8,78.0,91.14,93.44,89.07,82.48,87.7,77.6,,,,,83.91745294919018,7.3823968611186785,,,,,,
Region 2: Cagayan Valley,2013,,100.08,100.17,100.0,72.9,78.74,67.49,,,,,4.4,2.7,1.0,0.3,0.4,69.1,65.0,87.88,91.33,84.8,81.99,85.68,78.37,,,,,81.12292731168617,7.554133581939723,,,,,,
Region 3: Central Luzon,2013,,99.03,99.24,98.83,77.86,82.67,73.38,,,,,5.2,3.1,1.2,0.6,0.4,60.4,63.0,90.8,93.44,88.43,82.98,86.97,79.13,,,,,93.17833334099927,3.96725630802841,,,,,,
Region 4A: CALABARZON,2013,,96.09,96.75,95.48,74.64,79.69,69.87,,,,,4.9,3.1,1.0,0.6,0.3,49.1,58.0,72.54,76.27,69.25,77.92,83.36,72.76,,,,,93.74427551418906,4.635088156621862,,,,,,
MIMAROPA: Southwestern Tagalog Region,2013,,95.77,95.83,95.71,64.93,71.09,59.18,,,,,3.8,2.3,0.8,0.4,0.3,55.1,68.0,78.06,81.99,74.57,76.75,81.7,71.89,,,,,67.23157736473154,2.7225569310088247,,,,,,
Region 5: Bicol Region,2013,,98.53,98.39,98.67,64.78,71.41,58.62,,,,,,3.2,0.9,0.5,0.3,29.3,59.0,84.95,89.02,81.31,75.48,81.7,69.4,,,,,73.89640172620764,8.73662622526885,,,,,,
Region 6: Western Visayas,2013,,97.71,97.88,97.56,65.21,71.69,59.16,,,,,,2.5,1.1,0.4,0.4,45.5,58.0,85.68,89.64,82.15,78.34,83.32,73.56,,,,,72.96941741747779,3.1729849963620467,,,,,,
Region 7: Central Visayas,2013,,100.97,101.36,100.59,68.13,75.26,61.44,,,,,4.7,2.7,1.2,0.5,0.3,46.0,49.0,85.82,90.3,81.81,78.45,85.11,72.03,,,,,80.0535425930947,6.196494663133166,,,,,,
Region 8: Eastern Visayas,2013,,95.7,95.93,95.49,63.32,70.34,56.79,,,,,3.7,2.2,0.7,0.5,0.3,50.2,50.0,80.9,85.78,76.64,74.06,79.47,68.7,,,,,71.45574311877738,4.435973145879203,,,,,,
Region 9: Zamboanga Peninsula,2013,,91.62,91.83,91.41,52.83,59.48,46.55,,,,,3.7,2.2,0.8,0.4,0.2,53.0,43.0,60.78,64.87,57.12,67.75,72.91,62.43,,,,,51.49723575931385,3.993512336170582,,,,,,
Region 10: Northern Mindanao,2013,,94.0,93.82,94.18,56.67,62.83,50.8,,,,,4.1,2.4,0.9,0.5,0.3,53.0,62.0,72.12,77.99,66.95,69.11,73.15,65.0,,,,,62.42598500126233,4.177663836025729,,,,,,
Region 11: Davao Region,2013,,100.65,100.87,100.44,60.04,66.62,53.81,,,,,4.5,2.8,0.9,0.5,0.3,55.1,54.0,75.51,81.12,70.56,71.89,76.36,67.31,,,,,74.78317271363537,4.368361314252226,,,,,,
Region 12: SOCCSKSARGEN,2013,,90.52,91.43,89.64,56.88,63.66,50.45,,,,,3.9,2.4,0.8,0.5,0.3,60.5,58.0,73.6,78.73,68.99,73.9,79.32,68.42,,,,,45.97060052679032,7.0479526546707945,,,,,,
CARAGA: CARAGA Administrative Region,2013,,96.86,96.7,97.02,61.25,67.86,55.05,,,,,3.8,2.3,0.8,0.5,0.2,57.5,87.0,80.73,86.06,76.04,73.4,77.19,69.55,,,,,87.86464499142903,8.030594099555714,,,,,,
BARMM: Bangsamoro Autonomous Region in Muslim Mindanao,2013,,92.86,97.32,88.47,38.02,45.08,31.03,,,,,0.5,0.3,0.1,0.0,0.0,29.7,56.0,39.16,41.78,36.42,56.17,58.74,52.86,,,,,33.21606181122249,1.6059419700813038,,,,,,
NCR: National Capital Region,2014,,99.01,99.95,98.13,78.93,83.49,74.61,,,,,5.3,3.4,1.2,0.5,0.3,,,74.71,77.56,72.13,77.27,81.74,73.04,,,,,98.02709941895267,3.842172290162552,,,,,,
CAR: Cordillera Administrative Region,2014,,100.16,100.05,100.27,72.5,79.73,65.74,,,,,3.5,2.0,1.0,0.3,0.2,,,86.43,90.1,83.09,76.91,83.43,70.66,,,,,83.48266694743491,3.919263977685048,,,,,,
Region 1: Ilocos Region,2014,,97.84,97.4,98.25,79.24,83.98,74.87,,,,,5.1,2.8,1.2,0.6,0.4,,,94.54,95.56,93.6,83.57,87.52,79.86,,,,,86.43630961989454,5.465228303762302,,,,,,
Region 2: Cagayan Valley,2014,,101.15,101.26,101.04,72.44,78.46,66.87,,,,,4.4,2.7,1.1,0.3,0.4,,,87.06,90.28,84.19,79.35,84.01,74.85,,,,,83.53402732595966,7.074621900477695,,,,,,
Region 3: Central Luzon,2014,,99.56,99.77,99.36,77.54,82.48,72.97,,,,,5.4,3.2,1.2,0.7,0.4,,,88.93,91.66,86.49,79.23,83.43,75.27,,,,,92.29901297110476,5.702766972817528,,,,,,
Region 4A: CALABARZON,2014,,97.09,97.53,96.67,74.23,79.42,69.37,,,,,5.1,3.1,1.1,0.7,0.3,,,92.29,94.24,90.47,82.27,85.3,79.33,,,,,92.03384195232992,3.1776546014259424,,,,,,
MIMAROPA: Southwestern Tagalog Region,2014,,95.58,95.68,95.48,65.57,71.89,59.69,,,,,3.9,2.2,0.9,0.4,0.3,,,86.88,89.52,84.47,77.44,81.98,73.0,,,,,69.35554095697299,8.496021495115528,,,,,,
Region 5: Bicol Region,2014,,98.25,98.16,98.34,64.73,71.25,58.68,,,,,,3.4,0.9,0.6,0.4,,,86.25,89.38,83.43,76.37,82.52,70.46,,,,,72.96247921806456,4.624104629178973,,,,,,
Region 6: Western Visayas,2014,,98.47,98.28,98.64,65.11,71.59,59.07,,,,,,2.5,1.1,0.5,0.4,,,90.09,92.65,87.77,81.87,86.64,77.41,,,,,76.60615343592161,4.138347267000427,,,,,,
Region 7: Central Visayas,2014,,101.62,101.93,101.32,67.76,75.2,60.81,,,,,4.8,2.7,1.2,0.6,0.3,,,86.09,90.33,82.31,75.77,81.96,69.89,,,,,85.88038530829715,5.722350725832939,,,,,,
Region 8: Eastern Visayas,2014,,95.99,96.18,95.82,62.3,68.86,56.18,,,,,3.8,2.3,0.7,0.5,0.3,,,85.37,88.32,82.73,69.16,73.71,64.79,,,,,75.0300659642322,-1.376379126439204,,,,,,
Region 9: Zamboanga Peninsula,2014,,93.86,93.67,94.04,53.14,60.0,46.69,,,,,3.7,2.2,0.8,0.4,0.2,,,92.86,94.92,90.69,77.2,79.77,74.54,,,,,55.045772780033296,6.158580819239006,,,,,,
Region 10: Northern Mindanao,2014,,94.31,93.86,94.73,57.55,63.86,51.56,,,,,4.0,2.2,1.0,0.6,0.2,,,82.57,86.48,79.01,76.94,81.62,72.26,,,,,67.13743995110931,6.803178171087708,,,,,,
Region 11: Davao Region,2014,,99.78,100.17,99.41,60.2,66.96,53.82,,,,,4.6,2.7,1.0,0.6,0.2,,,83.34,86.89,80.13,79.76,82.37,77.09,,,,,70.16317548649826,7.226857119365988,,,,,,
Region 12: SOCCSKSARGEN,2014,,92.95,93.64,92.29,57.87,64.26,51.82,,,,,3.8,2.2,0.8,0.5,0.3,,,93.31,96.17,90.51,84.46,85.49,83.4,,,,,51.87870686999992,4.275849757719001,,,,,,
CARAGA: CARAGA Administrative Region,2014,,98.1,97.69,98.49,62.39,68.8,56.37,,,,,4.0,2.3,0.8,0.6,0.2,,,86.86,90.02,83.94,77.51,79.65,75.34,,,,,79.33990145943837,7.556260594447536,,,,,,
BARMM: Bangsamoro Autonomous Region in Muslim Mindanao,2014,,81.54,85.37,77.77,30.41,36.58,24.32,,,,,0.6,0.3,0.1,0.1,0.0,,,35.33,36.58,33.92,48.73,50.29,46.67,,,,,32.146754415070774,3.2095735941620944,,,,,,
NCR: National Capital Region,2015,4.1,99.85,100.95,98.8,84.1,88.99,79.52,,,,,5.5,3.4,1.2,0.6,0.3,,,82.29,84.88,79.93,74.23,77.77,70.82,,,,,98.0236435177892,4.685638782653996,5.88348589799268,4.57026787981758,,,,
CAR: Cordillera Administrative Region,2015,22.7,99.19,98.95,99.42,77.08,84.08,70.56,,,,,3.7,2.1,1.1,0.4,0.2,,,86.22,89.11,83.67,69.97,77.25,62.98,,,,,87.49111511717744,3.104854953785093,6.635383363697023,1.6583278660505352,,,,
Region 1: Ilocos Region,2015,18.8,96.78,96.36,97.18,84.02,88.34,80.05,,,,,5.1,2.9,1.2,0.6,0.4,,,91.5,93.01,90.14,76.44,81.0,72.19,,,,,93.6639317910117,4.289071541136906,7.453735627872171,3.572706524928737,,,,
Region 2: Cagayan Valley,2015,17.8,102.42,102.33,102.5,77.58,83.5,72.12,,,,,4.5,2.7,1.1,0.4,0.4,,,89.0,92.87,85.57,73.68,78.9,68.66,,,,,92.29421791005636,2.846141682562987,8.900391133580342,7.312018294054079,,,,
Region 3: Central Luzon,2015,10.5,98.84,99.02,98.66,81.71,86.42,77.36,,,,,5.4,3.2,1.2,0.7,0.4,,,89.14,91.87,86.69,72.44,76.31,68.75,,,,,96.871580951058,4.082270509757507,6.519357420226868,5.508813250271971,,,,
Region 4A: CALABARZON,2015,12.5,96.36,96.84,95.9,80.25,85.25,75.58,,,,,5.0,3.0,1.1,0.7,0.3,,,88.46,91.05,86.12,81.56,84.92,78.27,,,,,95.3960473046388,4.289997384455432,6.307003995955918,4.059652826836557,,,,
MIMAROPA: Southwestern Tagalog Region,2015,25.2,96.56,96.71,96.42,73.28,79.5,67.49,,,,,3.9,2.3,0.8,0.4,0.3,,,90.21,94.1,86.81,76.6,81.3,72.01,,,,,82.03390315792153,3.3209294559321165,9.53095177809158,9.318982872877823,,,,
Region 5: Bicol Region,2015,39.8,96.41,96.04,96.75,71.75,78.37,65.61,,,,,,3.4,0.9,0.6,0.3,,,85.44,88.72,82.52,69.45,76.05,63.1,,,,,87.98581598628581,9.244986189115592,8.240400919775848,5.213290147821392,,,,
Region 6: Western Visayas,2015,24.6,98.89,98.5,99.27,74.67,81.36,68.44,,,,,,2.5,1.1,0.6,0.3,,,88.94,92.98,85.41,74.79,80.45,69.48,,,,,91.4518837099042,6.424278176437184,9.042916791588684,1.9015355754320675,,,,
Region 7: Central Visayas,2015,29.4,102.14,102.28,102.01,75.94,83.37,69.02,,,,,5.0,2.9,1.2,0.7,0.2,,,88.49,93.69,83.08,75.3,80.6,70.07,,,,,94.60647737679116,4.417575128919964,6.546146706112088,6.114198811093874,,,,
Region 8: Eastern Visayas,2015,41.3,95.03,95.27,94.81,69.55,75.87,63.63,,,,,3.8,2.3,0.8,0.5,0.3,,,87.94,92.06,84.3,70.14,75.88,64.63,,,,,85.59279411613763,4.71256944529415,9.02784582807865,6.861243206150647,,,,
Region 9: Zamboanga Peninsula,2015,37.7,92.46,92.13,92.78,61.73,68.75,55.14,,,,,3.9,2.4,0.9,0.5,0.2,,,79.7,84.08,75.82,70.65,76.14,65.04,,,,,71.0872493494566,7.974192111432359,9.96018839775521,6.322664550259449,,,,
Region 10: Northern Mindanao,2015,38.7,94.79,94.13,95.43,63.77,69.96,57.9,,,,,4.3,2.5,1.0,0.6,0.2,,,83.98,89.07,79.49,72.1,77.24,66.94,,,,,77.39253702260326,4.134850589379767,6.843058607312513,5.981041589722214,,,,
Region 11: Davao Region,2015,23.5,101.34,101.66,101.04,68.37,75.39,61.79,,,,,4.7,2.7,1.1,0.7,0.2,,,88.84,93.81,84.43,73.44,78.21,68.62,,,,,86.91525818706664,6.197743999558142,10.438387513817094,9.47042586651059,,,,
Region 12: SOCCSKSARGEN,2015,38.1,93.78,94.09,93.47,64.82,71.56,58.48,,,,,3.9,2.3,0.8,0.5,0.3,,,83.68,87.75,79.99,73.0,76.37,69.58,,,,,65.69149246403276,1.6905311859812144,7.068206509989827,6.130973574266085,,,,
CARAGA: CARAGA Administrative Region,2015,39.7,98.85,98.11,99.56,70.16,76.29,64.41,,,,,4.2,2.4,1.0,0.6,0.2,,,84.24,87.86,81.01,70.56,73.82,67.29,,,,,92.5365566037736,5.351013984484609,5.6034334242448525,5.195769997162314,,,,
BARMM: Bangsamoro Autonomous Region in Muslim Mindanao,2015,59.4,76.51,80.16,72.92,33.49,39.8,27.26,,,,,0.8,0.6,0.2,0.1,0.0,,,37.15,40.07,34.17,63.99,65.03,62.63,,,,,38.51442063770831,-2.003764526910828,2.8766874106698204,1.5507239344027424,,,,
NCR: National Capital Region,2016,,95.92,96.58,95.3,83.37,88.33,78.7,55.32,63.06,47.9,52.9,5.2,3.2,1.2,0.6,0.2,,,85.97,87.43,84.61,80.29,84.49,76.13,,,,610.0,98.2594430821432,5.511499901063274,,,,,17.739571458483585,2318.0
CAR: Cordillera Administrative Region,2016,,97.24,96.51,97.94,78.72,85.5,72.37,40.16,49.0,31.85,94.0,3.6,2.0,1.1,0.3,0.2,,,93.51,96.11,91.19,79.78,86.53,73.03,,,,201.0,90.3,1.624092370534342,,,,,10.348514988099208,180.0
Region 1: Ilocos Region,2016,,94.84,94.14,95.5,84.85,89.18,80.86,51.11,58.42,44.4,44.8,5.0,2.8,1.2,0.6,0.4,,,97.41,98.94,96.04,86.57,91.73,81.68,,,,474.0,93.90044671238763,6.91962854897082,,,,,11.031909008814496,560.0
Region 2: Cagayan Valley,2016,,100.26,99.82,100.68,78.97,84.53,73.82,43.41,51.07,36.37,100.0,4.4,2.6,1.1,0.4,0.4,,,95.01,97.51,92.76,81.46,85.88,77.07,,,,270.0,93.09517750349916,3.468013471900917,,,,,9.188066847909155,321.0
Region 3: Central Luzon,2016,,98.53,98.44,98.62,82.78,87.52,78.39,47.96,54.35,42.01,59.0,5.3,3.1,1.2,0.7,0.3,,,98.05,99.46,96.28,84.85,89.05,80.75,,,,280.0,97.37316403387626,5.682582243287797,,,,,9.704967247047025,1110.0
Region 4A: CALABARZON,2016,,97.2,97.46,96.94,81.41,86.46,76.69,45.61,52.07,39.51,99.8,4.9,3.0,1.1,0.6,0.3,,,99.53,99.74,99.3,88.85,93.09,84.68,,,,833.0,96.670557699125,4.283137611591158,,,,,11.043512933323909,1628.0
MIMAROPA: Southwestern Tagalog Region,2016,,94.98,94.88,95.07,73.48,79.26,68.1,35.09,41.66,28.95,82.0,4.2,2.4,0.9,0.5,0.3,,,92.05,94.65,89.72,78.7,83.32,74.03,,,,139.0,84.14145512837325,3.334895580526293,,,,,7.2843871302508285,219.0
Region 5: Bicol Region,2016,,95.77,95.12,96.38,72.78,79.33,66.68,28.35,34.98,22.19,91.0,,3.4,0.9,0.6,0.3,,,94.59,97.36,92.11,76.15,82.6,69.63,,,,467.0,89.96431162635442,5.786055000458632,,,,,8.064076160340429,473.0
Region 6: Western Visayas,2016,,99.09,98.42,99.72,74.2,80.81,68.02,32.54,40.11,25.49,25.1,,2.4,1.1,0.5,0.4,,,94.76,97.62,92.23,81.92,87.77,76.18,,,,357.0,94.94571758871248,4.808519586035402,,,,,7.121843574618853,542.0
Region 7: Central Visayas,2016,,101.55,101.41,101.69,76.58,83.73,69.9,35.9,44.43,27.91,100.0,4.9,2.8,1.3,0.6,0.2,,,94.93,96.5,93.26,78.33,84.46,72.21,,,,441.0,97.0226648519686,5.625069563063008,,,,,10.490490330576916,788.0
Region 8: Eastern Visayas,2016,,94.0,93.79,94.19,70.89,77.28,64.9,28.15,34.79,21.95,100.0,3.7,2.1,0.8,0.5,0.3,,,94.25,97.05,91.71,75.31,80.94,69.68,,,,708.0,89.35298797260126,12.694223943211083,,,,,10.364791736636423,466.0
Region 9: Zamboanga Peninsula,2016,,91.24,90.91,91.56,62.18,69.02,55.73,23.92,29.84,18.34,100.0,4.0,2.3,0.9,0.5,0.2,,,85.75,89.93,82.04,72.42,77.73,66.78,,,,356.0,74.1379520830154,4.087313565651371,,,,,15.90021440701489,582.0
Region 10: Northern Mindanao,2016,,96.57,95.52,97.58,65.08,71.11,59.33,28.97,36.0,22.33,100.0,4.5,2.7,1.0,0.6,0.2,,,91.92,95.11,89.03,79.79,84.84,74.58,,,,585.0,81.67300621702528,6.236030535286744,,,,,16.149133887043956,768.0
Region 11: Davao Region,2016,,100.06,100.2,99.92,70.57,77.38,64.16,30.11,37.03,23.54,100.0,4.7,2.8,1.1,0.7,0.3,,,92.22,95.71,89.09,78.87,83.23,74.32,,,,294.0,73.09342361294937,7.452082722023888,,,,,16.18579032556791,804.0
Region 12: SOCCSKSARGEN,2016,,93.3,93.53,93.07,65.0,71.36,58.99,26.9,33.12,21.02,100.0,4.0,2.4,0.8,0.5,0.3,,,86.06,89.32,83.1,74.41,77.54,71.16,,,,216.0,70.60136144568145,2.622671086418208,,,,,14.08736590493906,651.0
CARAGA: CARAGA Administrative Region,2016,,97.85,96.65,99.0,71.07,76.97,65.5,28.04,34.25,22.25,74.4,4.1,2.3,0.9,0.6,0.2,,,92.26,94.44,90.3,77.2,79.99,74.35,,,,67.0,96.10087214085895,4.814408537262224,,,,,16.137067643618952,424.0
BARMM: Bangsamoro Autonomous Region in Muslim Mindanao,2016,,77.29,80.79,73.86,32.03,38.09,26.05,6.02,8.08,3.98,12.5,0.8,0.6,0.2,0.1,0.0,,,65.47,68.95,61.82,78.67,79.87,77.11,,,,220.0,40.91513276537529,1.3506760719276656,,,,,15.130509075450632,583.0
NCR: National Capital Region,2017,,92.83,93.5,92.2,84.76,89.56,80.22,62.74,70.11,55.67,,4.9,3.1,1.1,0.5,0.2,59.5,27.0,94.65,96.05,93.35,90.62,94.05,87.22,,,,1028.0,103.02319361347078,4.014293029797472,,,,,11.632285585803938,1543.0
CAR: Cordillera Administrative Region,2017,,94.37,93.59,95.13,79.77,85.57,74.31,49.55,59.45,40.26,,3.6,2.1,1.1,0.3,0.2,66.7,25.0,91.64,93.96,89.57,81.23,87.13,75.47,,,,302.0,92.45177212344112,8.263995581124206,,,,,3.413518786016179,60.0
Region 1: Ilocos Region,2017,,92.5,91.83,93.13,85.56,89.64,81.77,60.39,68.15,53.26,,4.9,2.8,1.2,0.5,0.3,59.5,46.0,95.45,96.3,94.7,87.82,91.72,84.1,,,,455.0,99.15406784650264,4.49728745087539,,,,,6.278587559583212,322.0
Region 2: Cagayan Valley,2017,,98.45,98.15,98.73,80.89,86.24,75.91,51.49,59.56,44.08,,4.3,2.6,1.1,0.3,0.4,74.1,51.0,93.59,95.48,91.87,83.81,88.15,79.53,,,,612.0,94.77038215768664,6.478262651813864,,,,,7.40593543324581,262.0
Region 3: Central Luzon,2017,,97.91,97.87,97.95,82.84,87.46,78.54,55.99,62.7,49.75,,5.2,3.1,1.2,0.6,0.3,56.8,61.0,96.02,97.61,94.54,85.96,89.9,82.14,,,,262.0,107.08248167389944,8.215194066385024,,,,,6.153771259008462,718.0
Region 4A: CALABARZON,2017,,96.31,96.59,96.04,82.51,87.21,78.09,53.9,60.55,47.62,,4.9,3.0,1.1,0.6,0.3,49.2,37.0,98.44,99.62,97.19,90.72,93.77,87.71,,,,1067.0,104.9251415142272,5.252561050280164,,,,,9.08832680323905,1371.0
MIMAROPA: Southwestern Tagalog Region,2017,,92.33,92.44,92.24,75.71,81.04,70.72,43.27,50.67,36.37,,3.9,2.3,0.9,0.4,0.3,61.7,47.0,93.17,95.75,90.85,83.89,88.17,79.66,,,,523.0,82.91951578219575,4.76664998852678,,,,,5.309139388505123,162.0
Region 5: Bicol Region,2017,,93.56,92.96,94.13,75.88,81.86,70.27,39.63,47.68,32.16,,,3.5,0.9,0.5,0.3,44.4,36.0,93.22,95.38,91.29,83.19,87.85,78.46,,,,940.0,78.75184660573929,4.244207116787209,,,,,6.972841791777807,414.0
Region 6: Western Visayas,2017,,97.16,96.66,97.64,76.41,82.66,70.54,44.17,52.77,36.17,,,2.3,1.2,0.4,0.4,56.8,38.0,94.12,97.05,91.55,84.7,89.28,80.17,,,,997.0,86.05733186457009,7.1720186028756245,,,,,6.229894284286593,479.0
Region 7: Central Visayas,2017,,98.41,98.35,98.47,78.51,85.53,71.91,47.21,57.06,37.99,,4.7,2.7,1.2,0.5,0.2,51.2,47.0,92.16,95.04,89.59,83.88,88.8,78.99,,,,965.0,95.85921885556762,5.425207785712701,,,,,8.150959972103275,622.0
Region 8: Eastern Visayas,2017,,92.64,92.5,92.76,74.21,80.55,68.24,38.02,45.87,30.7,,3.7,2.1,0.9,0.5,0.3,54.6,50.0,93.32,95.87,91.04,79.29,84.49,74.1,,,,1307.0,84.31119175829916,1.649893897671717,,,,,8.096341638409923,369.0
Region 9: Zamboanga Peninsula,2017,,90.3,90.4,90.21,65.44,71.71,59.49,30.4,37.34,23.87,,3.9,2.2,0.9,0.4,0.2,56.8,54.0,89.73,93.74,86.15,78.16,82.43,73.68,,,,690.0,63.2422402370314,2.201575393775073,,,,,9.774744929249527,361.0
Region 10: Northern Mindanao,2017,,96.43,95.68,97.15,68.09,73.86,62.55,37.31,45.29,29.78,,4.3,2.5,1.0,0.5,0.2,63.0,81.0,90.07,93.78,86.76,79.03,83.68,74.27,,,,607.0,88.96847244635062,4.425701551381508,,,,,9.138650107405043,441.0
Region 11: Davao Region,2017,,96.88,97.19,96.59,74.27,80.6,68.28,38.26,45.8,31.09,,4.7,2.8,1.0,0.6,0.3,64.7,87.0,92.11,94.96,89.54,80.17,83.94,76.29,,,,356.0,68.2475258203881,7.052769635041884,,,,,14.658054333445778,740.0
Region 12: SOCCSKSARGEN,2017,,91.86,92.3,91.44,68.08,74.2,62.26,35.84,42.84,29.22,,3.9,2.3,0.8,0.5,0.3,66.6,91.0,91.08,93.87,88.53,79.86,83.21,76.4,,,,596.0,64.05366048654206,6.045531295217543,,,,,7.785532820807028,366.0
CARAGA: CARAGA Administrative Region,2017,,95.89,95.07,96.69,74.54,79.83,69.5,38.11,45.02,31.67,,4.0,2.2,0.9,0.6,0.2,64.5,61.0,90.94,94.02,88.18,82.42,84.98,79.82,,,,107.0,107.16947163516954,4.750191961652888,,,,,12.59286770045966,335.0
BARMM: Bangsamoro Autonomous Region in Muslim Mindanao,2017,,72.63,75.82,69.51,30.37,35.62,25.18,8.7,11.24,6.19,,0.8,0.6,0.1,0.1,0.0,42.5,47.0,54.17,55.4,52.84,62.13,62.1,62.24,,,,345.0,27.27177478501253,7.882984625553462,,,,,11.289118129179547,444.0
NCR: National Capital Region,2018,2.2,92.11,92.38,91.85,88.74,92.64,85.04,68.63,76.42,61.17,76.5,4.9,3.1,1.1,0.5,0.2,,,99.04,100.0,97.85,92.8,96.13,89.49,82.64,86.92,78.35,1280.0,107.61481972474664,4.087414314331639,7.0857819830576485,3.844880407956453,,,5.448314928360605,733.0
CAR: Cordillera Administrative Region,2018,12.0,92.24,90.99,93.45,83.64,88.13,79.4,53.64,63.31,44.61,97.5,3.8,2.2,1.2,0.3,0.2,,,97.52,98.76,96.2,87.01,93.18,81.04,81.07,88.36,73.88,166.0,95.6221692882457,4.611165931726461,9.647947866217322,10.50268590274419,,,3.999526816545648,71.0
Region 1: Ilocos Region,2018,9.9,90.48,89.67,91.26,87.81,90.68,85.14,64.06,71.24,57.48,100.0,4.9,2.8,1.2,0.5,0.3,,,98.1,99.25,97.02,90.89,94.6,87.35,83.26,86.38,80.25,475.0,102.2016639039135,4.914166629235339,11.312069049301332,9.985571854831532,,,4.441517763174411,230.0
Region 2: Cagayan Valley,2018,16.3,96.86,96.36,97.32,84.76,89.01,80.78,56.21,64.13,48.96,100.0,4.5,2.7,1.1,0.3,0.4,,,97.56,99.12,96.13,88.52,92.63,84.36,82.32,86.12,78.47,447.0,97.91379696163504,3.3377751226958026,4.499523261582428,5.014911273648059,,,5.838453619911082,209.0
Region 3: Central Luzon,2018,7.0,98.77,98.32,99.2,85.01,88.83,81.44,60.19,66.35,54.46,99.3,5.2,3.1,1.2,0.6,0.3,,,99.13,99.98,98.01,90.41,93.91,86.96,81.76,84.95,78.57,354.0,109.12455514350349,4.902421012749386,8.215452435312521,5.008588120050272,,,3.72572162518164,443.0
Region 4A: CALABARZON,2018,7.1,97.36,97.37,97.34,86.38,89.97,83.01,58.33,65.05,52.0,100.0,4.9,3.0,1.0,0.6,0.2,,,99.8,100.0,98.74,93.22,96.35,89.79,81.66,85.25,77.8,1440.0,110.43349139695702,4.777452263847295,9.511903003591703,7.614648279746583,,,6.336361296856646,977.0
MIMAROPA: Southwestern Tagalog Region,2018,15.1,90.99,91.1,90.88,79.74,83.95,75.79,48.14,55.51,41.29,100.0,4.1,2.4,1.0,0.5,0.3,,,94.8,97.14,92.65,83.17,87.63,78.79,70.69,74.48,66.95,709.0,87.27023970656307,7.0526861230534905,10.132831197978852,5.518178024502451,,,5.203019561091367,161.0
Region 5: Bicol Region,2018,27.0,93.12,92.38,93.82,82.97,87.51,78.71,45.8,54.49,37.74,93.3,,3.3,0.9,0.5,0.3,,,96.43,98.66,94.41,86.43,92.07,80.84,78.34,83.2,73.5,543.0,82.38545700871656,5.667793644779678,8.730943429022119,9.110867775072617,,,6.793264478269795,408.0
Region 6: Western Visayas,2018,16.3,97.38,96.47,98.24,84.54,89.21,80.14,49.74,58.72,41.38,20.2,,2.5,1.1,0.5,0.3,,,97.03,98.81,95.42,88.53,92.38,84.74,79.46,83.13,75.75,598.0,92.01106582230256,3.77787499738966,8.430301805565277,7.77713253669563,,,5.757417214909315,447.0
Region 7: Central Visayas,2018,17.7,98.17,97.69,98.62,87.64,93.34,82.27,53.28,63.24,43.97,87.5,4.7,2.7,1.2,0.5,0.2,,,98.59,100.0,96.57,92.29,95.51,88.06,86.49,89.81,81.54,667.0,99.10749387340007,5.513396661881046,14.0630130453411,10.424737109032268,,,9.167184526515564,710.0
Region 8: Eastern Visayas,2018,30.7,91.53,91.23,91.82,79.27,84.51,74.33,43.2,51.2,35.74,59.5,3.8,2.2,0.9,0.5,0.3,,,94.13,96.94,91.61,82.62,87.76,77.54,75.54,79.31,71.78,500.0,89.16009830482,5.587705099640729,9.328772062969982,6.4311695122207135,,,6.819387757532014,315.0
Region 9: Zamboanga Peninsula,2018,32.7,91.24,91.23,91.25,73.88,79.2,68.79,36.04,43.56,28.98,45.3,4.2,2.6,1.0,0.5,0.2,,,97.02,99.08,94.24,82.52,88.59,76.28,75.14,78.92,71.25,426.0,68.90852194454837,5.447041970100486,6.985012062105822,5.659603426742188,,,9.101770683706755,339.0
Region 10: Northern Mindanao,2018,23.1,97.73,96.49,98.93,75.27,79.85,70.83,41.87,49.74,34.42,85.7,4.4,2.6,1.0,0.6,0.3,,,94.78,96.68,92.78,86.28,90.18,82.2,78.32,81.43,74.25,658.0,92.36390971964536,5.671174885653556,12.69661390560628,5.642720391588263,,,7.460380270911957,365.0
Region 11: Davao Region,2018,19.1,95.61,95.76,95.47,82.25,87.76,77.01,45.74,53.9,37.99,100.0,4.6,2.8,1.1,0.6,0.2,,,96.65,99.48,93.44,84.85,90.5,79.18,78.53,83.33,73.64,714.0,83.68633865580261,5.490501473560471,6.7630974960369405,4.445816235369016,,,10.58615315570691,543.0
Region 12: SOCCSKSARGEN,2018,28.2,92.04,92.1,91.98,74.49,80.14,69.11,41.5,48.58,34.83,100.0,3.8,2.3,0.8,0.5,0.3,,,94.71,97.47,92.02,81.79,86.12,77.36,74.83,78.07,70.03,493.0,70.42724711615335,5.236694968480293,12.28818368025475,8.80223757797538,,,5.609723576684398,268.0
CARAGA: CARAGA Administrative Region,2018,30.5,94.74,93.68,95.76,80.7,84.84,76.74,44.36,51.42,37.76,76.9,4.0,2.3,1.0,0.6,0.2,,,95.36,98.17,92.8,85.41,89.55,81.32,78.16,80.59,75.73,165.0,115.32059518959218,3.918379024844711,8.021146423066238,6.103810701747436,,,10.623787179540518,286.0
BARMM: Bangsamoro Autonomous Region in Muslim Mindanao,2018,61.8,73.24,76.39,70.19,35.76,41.36,30.22,11.04,14.05,8.06,53.7,0.9,0.6,0.1,0.1,0.0,,,76.72,79.14,74.2,93.81,93.6,92.8,68.08,67.73,67.6,483.0,34.8264384213029,5.547680020299239,5.923816866112208,6.2167612079545576,,,9.26620845431921,372.0
NCR: National Capital Region,2019,,89.91,90.42,89.43,89.68,93.47,86.06,62.28,70.0,54.93,,5.0,3.1,1.1,0.5,0.2,,,94.97,95.7,94.21,87.31,90.32,84.37,76.28,79.62,72.96,1409.0,100.0,5.634448060763347,,,0.0001079646999999,4.8931494357895e-05,4.620971420612041,630.0
CAR: Cordillera Administrative Region,2019,,91.4,90.51,92.25,84.76,88.9,80.81,50.53,60.28,41.46,,4.1,2.5,1.1,0.3,0.2,,,95.81,97.17,94.57,81.69,87.61,76.02,76.25,82.86,69.88,260.0,93.3197097107464,3.3937995673509533,,,0.0,0.0,4.799425854730308,86.0
Region 1: Ilocos Region,2019,,89.99,89.61,90.35,89.85,92.83,87.06,61.54,69.23,54.5,,4.9,2.8,1.2,0.5,0.3,,,98.97,99.54,98.44,89.12,92.9,85.58,80.57,84.22,77.13,501.0,98.68733767558822,6.305167849348138,,,0.0120826579,0.0054760723353302,3.540127827318305,185.0
Region 2: Cagayan Valley,2019,,97.17,97.02,97.31,88.81,93.13,84.75,56.46,65.2,48.45,,4.7,2.8,1.2,0.4,0.4,,,97.51,98.93,96.13,87.7,91.53,84.02,80.76,84.19,77.44,686.0,95.53569208583008,5.689419284241978,,,0.2808040993,0.1272653395097817,4.613656035090307,167.0
Region 3: Central Luzon,2019,,100.03,100.03,100.02,87.69,91.57,84.04,58.03,64.94,51.62,,5.3,3.2,1.1,0.6,0.3,,,98.67,99.58,97.54,89.7,92.8,86.71,77.12,79.89,74.44,839.0,99.42919661273972,4.003512626426513,,,0.3646988666,0.1652879184897341,3.5025419037009144,424.0
Region 4A: CALABARZON,2019,,98.23,98.61,97.87,87.85,91.62,84.29,54.79,61.84,48.16,,5.1,3.1,1.1,0.6,0.3,,,99.45,99.82,98.77,90.12,92.92,87.41,79.68,82.79,76.63,817.0,99.01244009470896,2.4520458212251413,,,0.0006101422999999,0.0002765271844404,5.265941813058049,829.0
MIMAROPA: Southwestern Tagalog Region,2019,,90.26,90.75,89.79,81.12,85.31,77.19,46.0,53.52,39.02,,4.3,2.5,1.0,0.5,0.3,,,96.65,98.42,95.0,85.19,89.24,81.28,72.04,75.79,68.38,413.0,90.25045849519825,2.957077423179186,,,0.6357962823999999,0.2881540189064223,4.114172431026218,129.0
Region 5: Bicol Region,2019,,92.68,92.25,93.09,82.27,86.59,78.18,42.31,50.91,34.35,,,3.5,0.9,0.5,0.3,,,95.6,97.72,93.65,82.52,87.72,77.53,72.83,77.48,68.35,571.0,91.5266178403694,7.05668240078532,,,0.3967129266,0.1797972515982716,4.941201350990332,300.0
Region 6: Western Visayas,2019,,97.25,96.75,97.74,85.68,89.96,81.63,44.22,52.66,36.34,,,2.5,1.1,0.5,0.4,,,96.7,98.13,95.4,85.19,89.82,80.77,77.24,81.6,72.73,317.0,90.91694982689992,5.279093236831315,,,0.0331462146,0.0150224454167471,5.462051947432089,428.0
Region 7: Central Visayas,2019,,98.07,98.05,98.08,88.52,93.97,83.37,47.81,57.12,39.12,,4.8,2.8,1.2,0.6,0.2,,,96.3,98.07,94.45,83.76,89.02,78.67,77.4,82.69,71.26,769.0,96.8050458229654,4.727351325261139,,,0.5452987105,0.247138933153134,7.830797725274223,615.0
Region 8: Eastern Visayas,2019,,91.6,91.76,91.44,80.05,84.85,75.5,42.08,50.92,33.84,,3.9,2.2,0.9,0.5,0.3,,,95.48,96.79,94.26,81.77,86.8,76.86,73.49,77.38,69.72,429.0,94.00859913602925,4.217210446058076,,,0.1017401606,0.0461104240031253,6.772489847140418,317.0
Region 9: Zamboanga Peninsula,2019,,91.7,92.2,91.22,74.24,79.54,69.13,34.43,42.28,27.06,,4.5,2.7,1.0,0.5,0.3,,,94.94,97.93,92.14,77.27,82.93,71.57,68.39,73.36,63.18,557.0,72.35588743510853,3.767957904440067,,,0.2789008849,0.1264027693856999,7.671025922474161,288.0
Region 10: Northern Mindanao,2019,,99.23,98.33,100.1,76.75,81.13,72.47,38.05,45.48,31.02,,4.4,2.7,1.0,0.5,0.3,,,94.44,96.74,92.32,82.2,85.8,78.59,73.29,77.08,69.24,905.0,92.50294123569292,4.2811620531823,,,0.0012422059999999,0.0005629895315815,7.203013401841994,357.0
Region 11: Davao Region,2019,,93.87,94.63,93.15,85.44,90.98,80.15,41.53,49.67,33.81,,4.8,2.8,1.0,0.6,0.3,,,95.29,97.85,92.88,81.51,86.45,76.56,72.25,76.7,67.46,910.0,86.02051363060008,5.4069549220390485,,,0.027728627,0.0125670997613356,8.867424517968148,462.0
Region 12: SOCCSKSARGEN,2019,,92.24,92.68,91.82,75.89,81.29,70.7,37.45,44.41,30.88,,3.9,2.3,0.8,0.5,0.3,,,96.01,98.09,94.07,82.51,86.88,78.06,73.02,77.2,67.52,338.0,81.76228728061827,1.944145654066048,,,0.2099779081999999,0.0951656683190977,5.2573753244367545,255.0
CARAGA: CARAGA Administrative Region,2019,,94.84,94.2,95.46,82.2,85.99,78.54,40.77,47.7,34.27,,3.4,2.5,1.0,0.7,0.2,,,95.0,96.38,93.72,83.69,86.66,80.81,73.02,75.25,70.88,1034.0,100.0,4.2053773631326266,,,0.2547114617,0.1154396988188244,8.373080985320668,228.0
BARMM: Bangsamoro Autonomous Region in Muslim Mindanao,2019,,71.51,74.7,68.42,36.48,41.96,31.07,10.59,13.73,7.49,,1.0,0.5,0.1,0.1,0.1,,,74.98,77.16,72.61,86.59,88.24,84.59,66.24,67.8,64.34,100.0,35.80486310919832,3.712420007435256,,,0.0,0.0,9.102096483686871,373.0
NCR: National Capital Region,2020,,81.1478,81.6903,80.6316,85.1646,88.9647,81.5199,56.4435,63.8118,49.4413,82.4,4.8,3.1,1.0,0.6,0.1,,,69.36,71.64279840302743,67.2565337480673,73.64527371864305,77.58622638233132,69.86508362426143,56.25539729251835,61.92332017202875,50.88189134422335,782.0,100.0,-11.200475647115397,,,0.0001079646999999,4.8931494357895e-05,4.766507763757387,658.0
CAR: Cordillera Administrative Region,2020,,87.5276,86.4657,88.5518,84.9372,88.1383,81.866,52.8763,63.109,43.3977,79.5,3.8,2.1,1.2,0.3,0.2,,,94.56,95.5239772648218,93.65486415720753,87.86047461554662,91.15916145467932,84.67936197139771,81.1514538910687,85.66875380275458,76.67328830956397,92.0,94.3,-10.6822300602702,,,0.0,0.0,3.595653794963651,65.0
Region 1: Ilocos Region,2020,,86.2185,85.8033,86.6105,90.1031,92.3834,87.9661,65.6379,73.2342,58.7108,74.4,4.9,2.9,1.2,0.6,0.3,,,97.32,97.89334556804243,96.79322389976971,91.96226052393231,94.39209677157342,89.67004933156329,84.45021844490022,88.05399920059904,81.02765715733106,375.0,99.02,-8.477175571996838,,,0.0120826579,0.0054760723353302,2.921753727654987,154.0
Region 2: Cagayan Valley,2020,,93.6348,93.1946,94.053,93.4367,97.0227,90.0406,61.4433,70.8277,52.8585,49.0,4.3,2.5,1.1,0.4,0.3,,,98.56,99.1308410037858,97.8846240366255,95.80683587831814,98.25947813136384,93.3944992621836,90.35610770565052,94.49041923226925,86.23693235745421,215.0,99.63,-10.815141416595267,,,0.2808040993,0.1272653395097817,3.198695588342641,117.0
Region 3: Central Luzon,2020,,95.4067,95.3453,95.4649,86.0948,89.9462,82.4587,60.0165,67.5813,53.02,100.0,5.2,3.1,1.1,0.7,0.2,,,86.62,86.85542547734023,82.56038229465358,84.01234849712648,87.88574132298861,80.3256454484575,72.07268501608172,77.75662475067074,66.70525168520189,277.0,99.74,-15.362292689036266,,,0.3646988666,0.1652879184897341,2.444428238489788,301.0
Region 4A: CALABARZON,2020,,91.9912,92.497,91.5134,84.4897,88.3569,80.833,54.7999,61.8488,48.1915,100.0,5.1,3.2,1.0,0.8,0.2,,,78.03,80.60771823485791,75.66110316522705,81.49789878312576,85.64039854168522,77.56288941396346,64.19993874135481,69.86953780806894,58.85425133112447,177.0,99.17,-12.21894889067751,,,0.0006101422999999,0.0002765271844404,3.9919540640054096,641.0
MIMAROPA: Southwestern Tagalog Region,2020,,86.2074,86.6139,85.8247,80.7633,84.9722,76.7903,50.2024,57.9633,42.9974,100.0,4.2,2.5,0.9,0.6,0.2,,,90.55,92.31964000705447,88.89211512366482,84.39369684032266,88.75949658193373,80.1954784632434,72.90367006636758,78.93000650071251,67.10545907476546,162.0,91.01,-8.745932208811723,,,0.6357962823999999,0.2881540189064223,3.779695413245124,120.0
Region 5: Bicol Region,2020,,87.2573,86.8802,87.6157,75.087,79.4398,70.953,43.518,52.4657,35.2324,57.5,,3.4,0.8,0.6,0.3,,,77.47,80.21423338506219,74.95884311800924,67.84886625240013,74.01014068729856,62.089740204535936,51.05055270405532,57.42852294447712,45.09884586598221,292.0,93.65,-9.336294580959333,,,0.3967129266,0.1797972515982716,4.499631225875619,276.0
Region 6: Western Visayas,2020,,93.9281,93.4375,94.3939,87.906,91.3535,84.6275,48.2144,57.4538,39.5905,99.3,,2.6,1.1,0.6,0.3,,,93.46,95.1076520218155,91.94108132591964,93.50669345700295,95.18753729499988,91.87510372420032,85.19694765122162,89.31104212684092,81.08519477110403,111.0,92.98,-10.468294980402163,,,0.0331462146,0.0150224454167471,5.46496546002675,432.0
Region 7: Central Visayas,2020,,92.9937,92.9882,92.999,85.4465,90.4341,80.7059,49.7072,59.3148,40.75496,94.1,4.9,2.8,1.2,0.7,0.2,,,82.69,85.07644296409859,80.50276173646168,79.18644440770781,83.41156832170549,75.08313153465029,67.31807950980419,72.99751912699881,61.82018400766536,267.0,97.67,-11.080145311942118,,,0.5452987105,0.247138933153134,5.8690121937211375,467.0
Region 8: Eastern Visayas,2020,,89.0772,89.0283,89.1237,81.609,85.861,77.576,48.2067,58.1079,38.9889,81.9,4.0,2.4,0.8,0.6,0.2,,,95.23336964130102,96.7255849525635,93.84357719530054,89.4398617982444,93.42314037081384,85.55364945278997,82.50550388063633,87.93789767316056,77.17285985547201,227.0,96.86,-8.845496386015327,,,0.1017401606,0.0461104240031253,6.136215119254495,291.0
Region 9: Zamboanga Peninsula,2020,,89.1941,89.7044,88.706,74.8405,79.4786,70.346,38.4532,47.0045,30.4406,94.6,4.5,2.8,1.0,0.5,0.2,,,84.45786746776032,87.32174864075151,81.75706369841477,87.12404365636907,90.09627214735904,84.09045325838602,77.00337843536857,80.71941127023224,73.14884431473332,148.0,78.3,-5.959314029976284,,,0.2789008849,0.1264027693856999,5.895164933761346,223.0
Region 10: Northern Mindanao,2020,,97.0819,96.1691,97.9734,76.5254,80.1995,72.9159,41.2193,49.2934,33.5733,86.7,4.4,2.7,1.0,0.6,0.2,,,82.90732492745173,85.7430952305051,80.29802307615266,83.11686557286312,86.76833981035054,79.50828504322833,74.57098728626106,80.39951269150303,68.67070168947407,224.0,94.81,-6.32274577538287,,,0.0012422059999999,0.0005629895315815,5.042803033096535,253.0
Region 11: Davao Region,2020,,86.266,87.1074,85.4676,81.6703,86.9362,76.6309,43.2965,51.6846,35.3535,88.9,4.8,2.9,1.0,0.7,0.2,,,73.48702482127726,76.82570613861992,70.40156119560103,74.90926268733105,79.38337241701367,70.47724556263285,58.74642177444313,63.8902451027064,53.643282789618006,332.0,88.4,-9.046379023361382,,,0.027728627,0.0125670997613356,6.860876729323671,363.0
Region 12: SOCCSKSARGEN,2020,,88.7282,89.17,88.3066,77.2258,82.0809,72.5433,40.54,48.3148,33.2122,100.0,4.1,2.5,0.8,0.6,0.2,,,87.07055042287614,88.84056946059462,85.40543716751372,82.58061375099453,86.15267309930043,78.94306954695828,73.87811305362611,79.12070672428139,68.58686166470011,144.0,85.91,-5.555508858458907,,,0.2099779081999999,0.0951656683190977,3.800862450243256,187.0
CARAGA: CARAGA Administrative Region,2020,,92.0358,91.1842,92.8585,84.3796,87.2908,81.5504,46.1723,53.9758,38.816,100.0,4.5,2.4,1.0,0.9,0.2,,,93.41611935808768,94.41165400736128,92.48034706760336,90.06976318070897,92.7164629588721,87.4862578166416,82.41924267798913,86.81056500487718,78.11609061257805,64.0,100.0,-8.23756351080685,,,0.2547114617,0.1154396988188244,8.027288421925903,221.0
BARMM: Bangsamoro Autonomous Region in Muslim Mindanao,2020,,69.1673,72.3588,66.1032,37.1877,42.8858,31.543,12.7783,16.1742,9.428,60.9,1.2,0.9,0.2,0.1,0.1,,,63.98043974848213,66.80720348687325,61.11566141451609,72.76109863685919,77.45461912667983,67.36644782733177,56.88636333310178,61.19456326945275,51.916326569164006,134.0,43.1,-3.881251524882487,,,0.0,0.0,9.585697088147295,401.0
NCR: National Capital Region,2021,,,,,,,,,,,100.0,,,,,,,,,,,,,,,,,1985.0,,,,,,,3.551425464135866,496.0
CAR: Cordillera Administrative Region,2021,,,,,,,,,,,61.5,,,,,,,,,,,,,,,,,199.0,,,,,,,2.6882915029689163,49.0
Region 1: Ilocos Region,2021,,,,,,,,,,,76.7,,,,,,,,,,,,,,,,,327.0,,,,,,,2.7855032623324862,148.0
Region 2: Cagayan Valley,2021,,,,,,,,,,,55.1,,,,,,,,,,,,,,,,,240.0,,,,,,,2.761485614284353,102.0
Region 3: Central Luzon,2021,,,,,,,,,,,100.0,,,,,,,,,,,,,,,,,471.0,,,,,,,2.517211533751372,315.0
Region 4A: CALABARZON,2021,,,,,,,,,,,74.8,,,,,,,,,,,,,,,,,647.0,,,,,,,4.1317497648539305,676.0
MIMAROPA: Southwestern Tagalog Region,2021,,,,,,,,,,,100.0,,,,,,,,,,,,,,,,,255.0,,,,,,,3.3621701687716032,108.0
Region 5: Bicol Region,2021,,,,,,,,,,,56.7,,,,,,,,,,,,,,,,,339.0,,,,,,,3.665473692233265,227.0
Region 6: Western Visayas,2021,,,,,,,,,,,100.0,,,,,,,,,,,,,,,,,426.0,,,,,,,4.8428270517308025,386.0
Region 7: Central Visayas,2021,,,,,,,,,,,100.0,,,,,,,,,,,,,,,,,532.0,,,,,,,5.052905283973277,407.0
Region 8: Eastern Visayas,2021,,,,,,,,,,,83.9,,,,,,,,,,,,,,,,,416.0,,,,,,,5.474870034287675,263.0
Region 9: Zamboanga Peninsula,2021,,,,,,,,,,,96.0,,,,,,,,,,,,,,,,,446.0,,,,,,,6.194973671361897,236.0
Region 10: Northern Mindanao,2021,,,,,,,,,,,96.9,,,,,,,,,,,,,,,,,378.0,,,,,,,5.616247152710489,285.0
Region 11: Davao Region,2021,,,,,,,,,,,100.0,,,,,,,,,,,,,,,,,543.0,,,,,,,6.627874980404949,356.0
Region 12: SOCCSKSARGEN,2021,,,,,,,,,,,100.0,,,,,,,,,,,,,,,,,153.0,,,,,,,4.031386247316922,201.0
CARAGA: CARAGA Administrative Region,2021,,,,,,,,,,,93.6,,,,,,,,,,,,,,,,,149.0,,,,,,,7.799532603124558,217.0
BARMM: Bangsamoro Autonomous Region in Muslim Mindanao,2021,,,,,,,,,,,13.0,,,,,,,,,,,,,,,,,240.0,,,,,,,8.734968185278746,373.0
NCR: National Capital Region,2022,,,,,,,,,,,,,,,,,,,,,,,,,,,,,,,,,,,,
CAR: Cordillera Administrative Region,2022,,,,,,,,,,,,,,,,,,,,,,,,,,,,,,,,,,,,
Region 1: Ilocos Region,2022,,,,,,,,,,,,,,,,,,,,,,,,,,,,,,,,,,,,
Region 2: Cagayan Valley,2022,,,,,,,,,,,,,,,,,,,,,,,,,,,,,,,,,,,,
Region 3: Central Luzon,2022,,,,,,,,,,,,,,,,,,,,,,,,,,,,,,,,,,,,
Region 4A: CALABARZON,2022,,,,,,,,,,,,,,,,,,,,,,,,,,,,,,,,,,,,
MIMAROPA: Southwestern Tagalog Region,2022,,,,,,,,,,,,,,,,,,,,,,,,,,,,,,,,,,,,
Region 5: Bicol Region,2022,,,,,,,,,,,,,,,,,,,,,,,,,,,,,,,,,,,,
Region 6: Western Visayas,2022,,,,,,,,,,,,,,,,,,,,,,,,,,,,,,,,,,,,
Region 7: Central Visayas,2022,,,,,,,,,,,,,,,,,,,,,,,,,,,,,,,,,,,,
Region 8: Eastern Visayas,2022,,,,,,,,,,,,,,,,,,,,,,,,,,,,,,,,,,,,
Region 9: Zamboanga Peninsula,2022,,,,,,,,,,,,,,,,,,,,,,,,,,,,,,,,,,,,
Region 10: Northern Mindanao,2022,,,,,,,,,,,,,,,,,,,,,,,,,,,,,,,,,,,,
Region 11: Davao Region,2022,,,,,,,,,,,,,,,,,,,,,,,,,,,,,,,,,,,,
Region 12: SOCCSKSARGEN,2022,,,,,,,,,,,,,,,,,,,,,,,,,,,,,,,,,,,,
CARAGA: CARAGA Administrative Region,2022,,,,,,,,,,,,,,,,,,,,,,,,,,,,,,,,,,,,
BARMM: Bangsamoro Autonomous Region in Muslim Mindanao,2022,,,,,,,,,,,,,,,,,,,,,,,,,,,,,,,,,,,,
